
*** src/verify.rs:48:21: delete ! in verify_bytes

*** mutation diff:
--- src/verify.rs
+++ delete ! in verify_bytes
@@ -40,17 +40,17 @@
     let file = EinmoFile::parse(bytes)?;
     // Verify against the ACTUAL file bytes up to the STAMPS section, not the
     // recomputed canonical form. This detects metadata whitespace tampering
     // that `parse()` would normalize away (e.g. extra spaces after a `key:`).
     let raw_prefix = raw_signed_prefix(bytes, &file)?;
     let checks = file.stamps().verify_chain(raw_prefix);
     let failed: Vec<&str> = checks
         .iter()
-        .filter(|c| !c.ok)
+        .filter(|c|  /* ~ changed by cargo-mutants ~ */c.ok)
         .map(|c| c.key.as_str())
         .collect();
     if failed.is_empty() {
         Ok(file)
     } else {
         Err(EinmoError::Verification(format!(
             "stamp(s) failed: {}",
             failed.join(", ")


*** /home/agent/.rustup/toolchains/stable-x86_64-unknown-linux-gnu/bin/cargo test --no-run --verbose --package=einmo@0.0.5
    Blocking waiting for file lock on package cache
    Blocking waiting for file lock on package cache
    Blocking waiting for file lock on package cache
    Blocking waiting for file lock on package cache
    Blocking waiting for file lock on build directory
       Fresh unicode-ident v1.0.24
       Fresh cfg-if v1.0.4
       Fresh version_check v0.9.5
       Fresh typenum v1.20.1
       Fresh pin-project-lite v0.2.17
       Fresh subtle v2.6.1
       Fresh futures-core v0.3.33
       Fresh itoa v1.0.18
       Fresh bytes v1.12.1
       Fresh once_cell v1.21.4
       Fresh cpufeatures v0.2.17
       Fresh log v0.4.33
       Fresh slab v0.4.12
       Fresh try-lock v0.2.5
       Fresh tower-service v0.3.3
       Fresh libc v0.2.189
       Fresh http v1.5.0
       Fresh tracing-core v0.1.36
       Fresh semver v1.0.28
       Fresh futures-task v0.3.33
       Fresh want v0.3.1
       Fresh futures-channel v0.3.33
       Fresh utf8parse v0.2.2
       Fresh smallvec v1.15.2
       Fresh atomic-waker v1.1.2
       Fresh httpdate v1.0.3
       Fresh hashbrown v0.17.1
       Fresh anstyle v1.0.14
       Fresh proc-macro2 v1.0.107
       Fresh getrandom v0.2.17
       Fresh errno v0.3.14
       Fresh serde_core v1.0.229
       Fresh mio v1.2.2
       Fresh socket2 v0.6.5
       Fresh http-body v1.1.0
       Fresh tracing v0.1.44
       Fresh futures-util v0.3.33
       Fresh httparse v1.10.1
       Fresh rustc_version v0.4.1
       Fresh anstyle-parse v1.0.0
       Fresh sync_wrapper v1.0.2
       Fresh colorchoice v1.0.5
       Fresh is_terminal_polyfill v1.70.2
       Fresh anstyle-query v1.1.5
       Fresh percent-encoding v2.3.2
       Fresh tower-layer v0.3.3
       Fresh equivalent v1.0.2
       Fresh quote v1.0.47
       Fresh generic-array v0.14.7
       Fresh rand_core v0.6.4
       Fresh signal-hook-registry v1.4.8
       Fresh http-body-util v0.1.4
       Fresh anstream v1.0.0
       Fresh form_urlencoded v1.2.2
       Fresh zmij v1.0.23
       Fresh indexmap v2.14.0
       Fresh keccak v0.1.6
       Fresh signature v2.2.0
       Fresh winnow v0.7.15
       Fresh mime v0.3.17
       Fresh num-conv v0.2.2
       Fresh base64ct v1.8.3
       Fresh strsim v0.11.1
       Fresh syn v3.0.3
       Fresh crypto-common v0.1.7
       Fresh syn v2.0.119
       Fresh block-buffer v0.10.4
       Fresh inout v0.1.4
       Fresh memchr v2.8.3
       Fresh opaque-debug v0.3.1
       Fresh heck v0.5.0
       Fresh futures-sink v0.3.33
       Fresh toml_write v0.1.2
       Fresh ryu v1.0.23
       Fresh clap_lex v1.1.0
       Fresh time-core v0.1.9
       Fresh password-hash v0.5.0
       Fresh ed25519 v2.2.3
       Fresh axum-core v0.5.6
       Fresh serde_path_to_error v0.1.20
       Fresh tokio-macros v2.7.2
       Fresh serde_derive v1.0.229
       Fresh digest v0.10.7
       Fresh zeroize_derive v1.5.0
       Fresh curve25519-dalek-derive v0.1.1
       Fresh universal-hash v0.5.1
       Fresh clap_derive v4.6.4
       Fresh thiserror-impl v2.0.19
       Fresh time-macros v0.2.32
       Fresh aead v0.5.2
       Fresh serde_json v1.0.151
       Fresh clap_builder v4.6.2
       Fresh rtoolbox v0.0.5
       Fresh matchit v0.8.4
       Fresh deranged v0.5.8
       Fresh bitflags v2.13.1
       Fresh hex v0.4.3
       Fresh powerfmt v0.2.0
       Fresh linux-raw-sys v0.12.1
       Fresh getrandom v0.4.3
       Fresh similar v2.7.0
       Fresh tokio v1.53.1
       Fresh zeroize v1.9.0
       Fresh serde v1.0.229
       Fresh sha2 v0.10.9
       Fresh poly1305 v0.8.0
       Fresh blake2 v0.10.6
       Fresh sha3 v0.10.9
       Fresh rustix v1.1.4
       Fresh time v0.3.54
       Fresh thiserror v2.0.19
       Fresh clap v4.6.4
       Fresh rpassword v7.5.4
       Fresh base64 v0.22.1
       Fresh fastrand v2.5.0
       Fresh hyper v1.11.0
       Fresh toml_datetime v0.6.11
       Fresh cipher v0.4.4
       Fresh serde_spanned v0.6.9
       Fresh tokio-util v0.7.19
       Fresh tower v0.5.3
       Fresh curve25519-dalek v4.1.3
       Fresh serde_urlencoded v0.7.1
       Fresh fips205 v0.4.1
       Fresh argon2 v0.5.3
       Fresh tempfile v3.27.0
       Fresh hyper-util v0.1.20
       Fresh toml_edit v0.22.27
       Fresh chacha20 v0.9.1
       Fresh tokio-stream v0.1.19
       Fresh ed25519-dalek v2.2.0
       Fresh chacha20poly1305 v0.10.1
       Fresh axum v0.8.9
       Fresh toml v0.8.23
       Fresh hyperlocal v0.9.1
       Dirty einmo v0.0.5 (/yolo/tmp/cargo-mutants-einmo-uhCWRb.tmp): couldn't read metadata for file `/yolo/target/debug/deps/libeinmo-8a013b18b8184214.rlib`
   Compiling einmo v0.0.5 (/yolo/tmp/cargo-mutants-einmo-uhCWRb.tmp)
     Running `sccache /home/agent/.rustup/toolchains/stable-x86_64-unknown-linux-gnu/bin/rustc --crate-name einmo --edition=2024 src/lib.rs --error-format=json --json=diagnostic-rendered-ansi,artifacts,future-incompat --crate-type lib --emit=dep-info,metadata,link -C embed-bitcode=no -C debuginfo=2 '--deny=clippy::overly_complex_bool_expr' '--deny=clippy::nonminimal_bool' --check-cfg 'cfg(docsrs,test)' --check-cfg 'cfg(feature, values())' -C metadata=ec247cf0a19148a4 -C extra-filename=-8a013b18b8184214 --out-dir /yolo/target/debug/deps -C linker=clang -C incremental=/yolo/target/debug/incremental -L dependency=/yolo/target/debug/deps --extern argon2=/yolo/target/debug/deps/libargon2-464fe254155a1171.rmeta --extern axum=/yolo/target/debug/deps/libaxum-6557850bc502ce55.rmeta --extern base64=/yolo/target/debug/deps/libbase64-cf52d12135ebe0c5.rmeta --extern chacha20poly1305=/yolo/target/debug/deps/libchacha20poly1305-cab59fc41b5a6a75.rmeta --extern clap=/yolo/target/debug/deps/libclap-f50ee7b197b2fd58.rmeta --extern ed25519_dalek=/yolo/target/debug/deps/libed25519_dalek-0d619e549ff9cfc5.rmeta --extern fips205=/yolo/target/debug/deps/libfips205-d309159d5762afed.rmeta --extern futures_util=/yolo/target/debug/deps/libfutures_util-3c37c8bcf882194d.rmeta --extern hex=/yolo/target/debug/deps/libhex-0bebbe16d4d4e116.rmeta --extern rand_core=/yolo/target/debug/deps/librand_core-e3b70bbe0c63c37f.rmeta --extern rpassword=/yolo/target/debug/deps/librpassword-d73be057acb4ea6e.rmeta --extern serde=/yolo/target/debug/deps/libserde-ce4a22669f830d2d.rmeta --extern serde_json=/yolo/target/debug/deps/libserde_json-3ab0b2292944132a.rmeta --extern sha2=/yolo/target/debug/deps/libsha2-1a366e4c3671b6ab.rmeta --extern similar=/yolo/target/debug/deps/libsimilar-ca536a06b0b0f595.rmeta --extern thiserror=/yolo/target/debug/deps/libthiserror-4a9c119a5bba7761.rmeta --extern time=/yolo/target/debug/deps/libtime-6d7f47846e33ce98.rmeta --extern tokio=/yolo/target/debug/deps/libtokio-647a0c74752d0942.rmeta --extern tokio_stream=/yolo/target/debug/deps/libtokio_stream-89357a7d6ae961be.rmeta --extern toml=/yolo/target/debug/deps/libtoml-e503d86707f7f989.rmeta --extern zeroize=/yolo/target/debug/deps/libzeroize-9efcb6e6e123c20c.rmeta -C link-arg=-fuse-ld=mold`
     Running `sccache /home/agent/.rustup/toolchains/stable-x86_64-unknown-linux-gnu/bin/rustc --crate-name einmo --edition=2024 src/lib.rs --error-format=json --json=diagnostic-rendered-ansi,artifacts,future-incompat --emit=dep-info,link -C embed-bitcode=no -C debuginfo=2 '--deny=clippy::overly_complex_bool_expr' '--deny=clippy::nonminimal_bool' --test --check-cfg 'cfg(docsrs,test)' --check-cfg 'cfg(feature, values())' -C metadata=7937130f11b59fed -C extra-filename=-ed41b1ecd06a0630 --out-dir /yolo/target/debug/deps -C linker=clang -C incremental=/yolo/target/debug/incremental -L dependency=/yolo/target/debug/deps --extern argon2=/yolo/target/debug/deps/libargon2-464fe254155a1171.rlib --extern axum=/yolo/target/debug/deps/libaxum-6557850bc502ce55.rlib --extern base64=/yolo/target/debug/deps/libbase64-cf52d12135ebe0c5.rlib --extern chacha20poly1305=/yolo/target/debug/deps/libchacha20poly1305-cab59fc41b5a6a75.rlib --extern clap=/yolo/target/debug/deps/libclap-f50ee7b197b2fd58.rlib --extern ed25519_dalek=/yolo/target/debug/deps/libed25519_dalek-0d619e549ff9cfc5.rlib --extern fips205=/yolo/target/debug/deps/libfips205-d309159d5762afed.rlib --extern futures_util=/yolo/target/debug/deps/libfutures_util-3c37c8bcf882194d.rlib --extern hex=/yolo/target/debug/deps/libhex-0bebbe16d4d4e116.rlib --extern hyper=/yolo/target/debug/deps/libhyper-b9149de661564070.rlib --extern hyper_util=/yolo/target/debug/deps/libhyper_util-4dc01e77a2fdd092.rlib --extern hyperlocal=/yolo/target/debug/deps/libhyperlocal-0f37c717f4e2a75e.rlib --extern rand_core=/yolo/target/debug/deps/librand_core-e3b70bbe0c63c37f.rlib --extern rpassword=/yolo/target/debug/deps/librpassword-d73be057acb4ea6e.rlib --extern serde=/yolo/target/debug/deps/libserde-ce4a22669f830d2d.rlib --extern serde_json=/yolo/target/debug/deps/libserde_json-3ab0b2292944132a.rlib --extern sha2=/yolo/target/debug/deps/libsha2-1a366e4c3671b6ab.rlib --extern similar=/yolo/target/debug/deps/libsimilar-ca536a06b0b0f595.rlib --extern tempfile=/yolo/target/debug/deps/libtempfile-76a7e07362794215.rlib --extern thiserror=/yolo/target/debug/deps/libthiserror-4a9c119a5bba7761.rlib --extern time=/yolo/target/debug/deps/libtime-6d7f47846e33ce98.rlib --extern tokio=/yolo/target/debug/deps/libtokio-647a0c74752d0942.rlib --extern tokio_stream=/yolo/target/debug/deps/libtokio_stream-89357a7d6ae961be.rlib --extern toml=/yolo/target/debug/deps/libtoml-e503d86707f7f989.rlib --extern tower=/yolo/target/debug/deps/libtower-3b98c09909bfb968.rlib --extern zeroize=/yolo/target/debug/deps/libzeroize-9efcb6e6e123c20c.rlib -C link-arg=-fuse-ld=mold`
     Running `sccache /home/agent/.rustup/toolchains/stable-x86_64-unknown-linux-gnu/bin/rustc --crate-name einmo_review_server --edition=2024 src/bin/einmo_review_server.rs --error-format=json --json=diagnostic-rendered-ansi,artifacts,future-incompat --emit=dep-info,link -C embed-bitcode=no -C debuginfo=2 '--deny=clippy::overly_complex_bool_expr' '--deny=clippy::nonminimal_bool' --test --check-cfg 'cfg(docsrs,test)' --check-cfg 'cfg(feature, values())' -C metadata=50c12847b69157ee -C extra-filename=-ea5e87d7386c6be0 --out-dir /yolo/target/debug/deps -C linker=clang -C incremental=/yolo/target/debug/incremental -L dependency=/yolo/target/debug/deps --extern argon2=/yolo/target/debug/deps/libargon2-464fe254155a1171.rlib --extern axum=/yolo/target/debug/deps/libaxum-6557850bc502ce55.rlib --extern base64=/yolo/target/debug/deps/libbase64-cf52d12135ebe0c5.rlib --extern chacha20poly1305=/yolo/target/debug/deps/libchacha20poly1305-cab59fc41b5a6a75.rlib --extern clap=/yolo/target/debug/deps/libclap-f50ee7b197b2fd58.rlib --extern ed25519_dalek=/yolo/target/debug/deps/libed25519_dalek-0d619e549ff9cfc5.rlib --extern einmo=/yolo/target/debug/deps/libeinmo-8a013b18b8184214.rlib --extern fips205=/yolo/target/debug/deps/libfips205-d309159d5762afed.rlib --extern futures_util=/yolo/target/debug/deps/libfutures_util-3c37c8bcf882194d.rlib --extern hex=/yolo/target/debug/deps/libhex-0bebbe16d4d4e116.rlib --extern hyper=/yolo/target/debug/deps/libhyper-b9149de661564070.rlib --extern hyper_util=/yolo/target/debug/deps/libhyper_util-4dc01e77a2fdd092.rlib --extern hyperlocal=/yolo/target/debug/deps/libhyperlocal-0f37c717f4e2a75e.rlib --extern rand_core=/yolo/target/debug/deps/librand_core-e3b70bbe0c63c37f.rlib --extern rpassword=/yolo/target/debug/deps/librpassword-d73be057acb4ea6e.rlib --extern serde=/yolo/target/debug/deps/libserde-ce4a22669f830d2d.rlib --extern serde_json=/yolo/target/debug/deps/libserde_json-3ab0b2292944132a.rlib --extern sha2=/yolo/target/debug/deps/libsha2-1a366e4c3671b6ab.rlib --extern similar=/yolo/target/debug/deps/libsimilar-ca536a06b0b0f595.rlib --extern tempfile=/yolo/target/debug/deps/libtempfile-76a7e07362794215.rlib --extern thiserror=/yolo/target/debug/deps/libthiserror-4a9c119a5bba7761.rlib --extern time=/yolo/target/debug/deps/libtime-6d7f47846e33ce98.rlib --extern tokio=/yolo/target/debug/deps/libtokio-647a0c74752d0942.rlib --extern tokio_stream=/yolo/target/debug/deps/libtokio_stream-89357a7d6ae961be.rlib --extern toml=/yolo/target/debug/deps/libtoml-e503d86707f7f989.rlib --extern tower=/yolo/target/debug/deps/libtower-3b98c09909bfb968.rlib --extern zeroize=/yolo/target/debug/deps/libzeroize-9efcb6e6e123c20c.rlib -C link-arg=-fuse-ld=mold`
     Running `sccache /home/agent/.rustup/toolchains/stable-x86_64-unknown-linux-gnu/bin/rustc --crate-name einmo --edition=2024 src/main.rs --error-format=json --json=diagnostic-rendered-ansi,artifacts,future-incompat --emit=dep-info,link -C embed-bitcode=no -C debuginfo=2 '--deny=clippy::overly_complex_bool_expr' '--deny=clippy::nonminimal_bool' --test --check-cfg 'cfg(docsrs,test)' --check-cfg 'cfg(feature, values())' -C metadata=cd3bdfa30446e2cb -C extra-filename=-c0aa28cf6b7912f9 --out-dir /yolo/target/debug/deps -C linker=clang -C incremental=/yolo/target/debug/incremental -L dependency=/yolo/target/debug/deps --extern argon2=/yolo/target/debug/deps/libargon2-464fe254155a1171.rlib --extern axum=/yolo/target/debug/deps/libaxum-6557850bc502ce55.rlib --extern base64=/yolo/target/debug/deps/libbase64-cf52d12135ebe0c5.rlib --extern chacha20poly1305=/yolo/target/debug/deps/libchacha20poly1305-cab59fc41b5a6a75.rlib --extern clap=/yolo/target/debug/deps/libclap-f50ee7b197b2fd58.rlib --extern ed25519_dalek=/yolo/target/debug/deps/libed25519_dalek-0d619e549ff9cfc5.rlib --extern einmo=/yolo/target/debug/deps/libeinmo-8a013b18b8184214.rlib --extern fips205=/yolo/target/debug/deps/libfips205-d309159d5762afed.rlib --extern futures_util=/yolo/target/debug/deps/libfutures_util-3c37c8bcf882194d.rlib --extern hex=/yolo/target/debug/deps/libhex-0bebbe16d4d4e116.rlib --extern hyper=/yolo/target/debug/deps/libhyper-b9149de661564070.rlib --extern hyper_util=/yolo/target/debug/deps/libhyper_util-4dc01e77a2fdd092.rlib --extern hyperlocal=/yolo/target/debug/deps/libhyperlocal-0f37c717f4e2a75e.rlib --extern rand_core=/yolo/target/debug/deps/librand_core-e3b70bbe0c63c37f.rlib --extern rpassword=/yolo/target/debug/deps/librpassword-d73be057acb4ea6e.rlib --extern serde=/yolo/target/debug/deps/libserde-ce4a22669f830d2d.rlib --extern serde_json=/yolo/target/debug/deps/libserde_json-3ab0b2292944132a.rlib --extern sha2=/yolo/target/debug/deps/libsha2-1a366e4c3671b6ab.rlib --extern similar=/yolo/target/debug/deps/libsimilar-ca536a06b0b0f595.rlib --extern tempfile=/yolo/target/debug/deps/libtempfile-76a7e07362794215.rlib --extern thiserror=/yolo/target/debug/deps/libthiserror-4a9c119a5bba7761.rlib --extern time=/yolo/target/debug/deps/libtime-6d7f47846e33ce98.rlib --extern tokio=/yolo/target/debug/deps/libtokio-647a0c74752d0942.rlib --extern tokio_stream=/yolo/target/debug/deps/libtokio_stream-89357a7d6ae961be.rlib --extern toml=/yolo/target/debug/deps/libtoml-e503d86707f7f989.rlib --extern tower=/yolo/target/debug/deps/libtower-3b98c09909bfb968.rlib --extern zeroize=/yolo/target/debug/deps/libzeroize-9efcb6e6e123c20c.rlib -C link-arg=-fuse-ld=mold`
     Running `sccache /home/agent/.rustup/toolchains/stable-x86_64-unknown-linux-gnu/bin/rustc --crate-name cargo_einmo --edition=2024 src/bin/cargo_einmo.rs --error-format=json --json=diagnostic-rendered-ansi,artifacts,future-incompat --emit=dep-info,link -C embed-bitcode=no -C debuginfo=2 '--deny=clippy::overly_complex_bool_expr' '--deny=clippy::nonminimal_bool' --test --check-cfg 'cfg(docsrs,test)' --check-cfg 'cfg(feature, values())' -C metadata=b225d5aa23ea1adb -C extra-filename=-4a9017f4cd20fac4 --out-dir /yolo/target/debug/deps -C linker=clang -C incremental=/yolo/target/debug/incremental -L dependency=/yolo/target/debug/deps --extern argon2=/yolo/target/debug/deps/libargon2-464fe254155a1171.rlib --extern axum=/yolo/target/debug/deps/libaxum-6557850bc502ce55.rlib --extern base64=/yolo/target/debug/deps/libbase64-cf52d12135ebe0c5.rlib --extern chacha20poly1305=/yolo/target/debug/deps/libchacha20poly1305-cab59fc41b5a6a75.rlib --extern clap=/yolo/target/debug/deps/libclap-f50ee7b197b2fd58.rlib --extern ed25519_dalek=/yolo/target/debug/deps/libed25519_dalek-0d619e549ff9cfc5.rlib --extern einmo=/yolo/target/debug/deps/libeinmo-8a013b18b8184214.rlib --extern fips205=/yolo/target/debug/deps/libfips205-d309159d5762afed.rlib --extern futures_util=/yolo/target/debug/deps/libfutures_util-3c37c8bcf882194d.rlib --extern hex=/yolo/target/debug/deps/libhex-0bebbe16d4d4e116.rlib --extern hyper=/yolo/target/debug/deps/libhyper-b9149de661564070.rlib --extern hyper_util=/yolo/target/debug/deps/libhyper_util-4dc01e77a2fdd092.rlib --extern hyperlocal=/yolo/target/debug/deps/libhyperlocal-0f37c717f4e2a75e.rlib --extern rand_core=/yolo/target/debug/deps/librand_core-e3b70bbe0c63c37f.rlib --extern rpassword=/yolo/target/debug/deps/librpassword-d73be057acb4ea6e.rlib --extern serde=/yolo/target/debug/deps/libserde-ce4a22669f830d2d.rlib --extern serde_json=/yolo/target/debug/deps/libserde_json-3ab0b2292944132a.rlib --extern sha2=/yolo/target/debug/deps/libsha2-1a366e4c3671b6ab.rlib --extern similar=/yolo/target/debug/deps/libsimilar-ca536a06b0b0f595.rlib --extern tempfile=/yolo/target/debug/deps/libtempfile-76a7e07362794215.rlib --extern thiserror=/yolo/target/debug/deps/libthiserror-4a9c119a5bba7761.rlib --extern time=/yolo/target/debug/deps/libtime-6d7f47846e33ce98.rlib --extern tokio=/yolo/target/debug/deps/libtokio-647a0c74752d0942.rlib --extern tokio_stream=/yolo/target/debug/deps/libtokio_stream-89357a7d6ae961be.rlib --extern toml=/yolo/target/debug/deps/libtoml-e503d86707f7f989.rlib --extern tower=/yolo/target/debug/deps/libtower-3b98c09909bfb968.rlib --extern zeroize=/yolo/target/debug/deps/libzeroize-9efcb6e6e123c20c.rlib -C link-arg=-fuse-ld=mold`
     Running `sccache /home/agent/.rustup/toolchains/stable-x86_64-unknown-linux-gnu/bin/rustc --crate-name cargo_einmo_review_server --edition=2024 src/bin/cargo_einmo_review_server.rs --error-format=json --json=diagnostic-rendered-ansi,artifacts,future-incompat --emit=dep-info,link -C embed-bitcode=no -C debuginfo=2 '--deny=clippy::overly_complex_bool_expr' '--deny=clippy::nonminimal_bool' --test --check-cfg 'cfg(docsrs,test)' --check-cfg 'cfg(feature, values())' -C metadata=7a82b3c65841f518 -C extra-filename=-a784ecfd5ca0bea2 --out-dir /yolo/target/debug/deps -C linker=clang -C incremental=/yolo/target/debug/incremental -L dependency=/yolo/target/debug/deps --extern argon2=/yolo/target/debug/deps/libargon2-464fe254155a1171.rlib --extern axum=/yolo/target/debug/deps/libaxum-6557850bc502ce55.rlib --extern base64=/yolo/target/debug/deps/libbase64-cf52d12135ebe0c5.rlib --extern chacha20poly1305=/yolo/target/debug/deps/libchacha20poly1305-cab59fc41b5a6a75.rlib --extern clap=/yolo/target/debug/deps/libclap-f50ee7b197b2fd58.rlib --extern ed25519_dalek=/yolo/target/debug/deps/libed25519_dalek-0d619e549ff9cfc5.rlib --extern einmo=/yolo/target/debug/deps/libeinmo-8a013b18b8184214.rlib --extern fips205=/yolo/target/debug/deps/libfips205-d309159d5762afed.rlib --extern futures_util=/yolo/target/debug/deps/libfutures_util-3c37c8bcf882194d.rlib --extern hex=/yolo/target/debug/deps/libhex-0bebbe16d4d4e116.rlib --extern hyper=/yolo/target/debug/deps/libhyper-b9149de661564070.rlib --extern hyper_util=/yolo/target/debug/deps/libhyper_util-4dc01e77a2fdd092.rlib --extern hyperlocal=/yolo/target/debug/deps/libhyperlocal-0f37c717f4e2a75e.rlib --extern rand_core=/yolo/target/debug/deps/librand_core-e3b70bbe0c63c37f.rlib --extern rpassword=/yolo/target/debug/deps/librpassword-d73be057acb4ea6e.rlib --extern serde=/yolo/target/debug/deps/libserde-ce4a22669f830d2d.rlib --extern serde_json=/yolo/target/debug/deps/libserde_json-3ab0b2292944132a.rlib --extern sha2=/yolo/target/debug/deps/libsha2-1a366e4c3671b6ab.rlib --extern similar=/yolo/target/debug/deps/libsimilar-ca536a06b0b0f595.rlib --extern tempfile=/yolo/target/debug/deps/libtempfile-76a7e07362794215.rlib --extern thiserror=/yolo/target/debug/deps/libthiserror-4a9c119a5bba7761.rlib --extern time=/yolo/target/debug/deps/libtime-6d7f47846e33ce98.rlib --extern tokio=/yolo/target/debug/deps/libtokio-647a0c74752d0942.rlib --extern tokio_stream=/yolo/target/debug/deps/libtokio_stream-89357a7d6ae961be.rlib --extern toml=/yolo/target/debug/deps/libtoml-e503d86707f7f989.rlib --extern tower=/yolo/target/debug/deps/libtower-3b98c09909bfb968.rlib --extern zeroize=/yolo/target/debug/deps/libzeroize-9efcb6e6e123c20c.rlib -C link-arg=-fuse-ld=mold`
    Finished `test` profile [unoptimized + debuginfo] target(s) in 14.61s
  Executable `/yolo/target/debug/deps/einmo-ed41b1ecd06a0630`
  Executable `/yolo/target/debug/deps/cargo_einmo-4a9017f4cd20fac4`
  Executable `/yolo/target/debug/deps/cargo_einmo_review_server-a784ecfd5ca0bea2`
  Executable `/yolo/target/debug/deps/einmo-c0aa28cf6b7912f9`
  Executable `/yolo/target/debug/deps/einmo_review_server-ea5e87d7386c6be0`

*** result: Success

*** /home/agent/.rustup/toolchains/stable-x86_64-unknown-linux-gnu/bin/cargo test --verbose --package=einmo@0.0.5
    Blocking waiting for file lock on package cache
    Blocking waiting for file lock on package cache
    Blocking waiting for file lock on package cache
    Blocking waiting for file lock on build directory
       Fresh unicode-ident v1.0.24
       Fresh version_check v0.9.5
       Fresh cfg-if v1.0.4
       Fresh typenum v1.20.1
       Fresh subtle v2.6.1
       Fresh pin-project-lite v0.2.17
       Fresh itoa v1.0.18
       Fresh futures-core v0.3.33
       Fresh bytes v1.12.1
       Fresh libc v0.2.189
       Fresh cpufeatures v0.2.17
       Fresh once_cell v1.21.4
       Fresh http v1.5.0
       Fresh log v0.4.33
       Fresh futures-task v0.3.33
       Fresh try-lock v0.2.5
       Fresh tower-service v0.3.3
       Fresh slab v0.4.12
       Fresh semver v1.0.28
       Fresh futures-channel v0.3.33
       Fresh smallvec v1.15.2
       Fresh utf8parse v0.2.2
       Fresh httpdate v1.0.3
       Fresh proc-macro2 v1.0.107
       Fresh getrandom v0.2.17
       Fresh errno v0.3.14
       Fresh serde_core v1.0.229
       Fresh socket2 v0.6.5
       Fresh mio v1.2.2
       Fresh tracing-core v0.1.36
       Fresh http-body v1.1.0
       Fresh futures-util v0.3.33
       Fresh rustc_version v0.4.1
       Fresh want v0.3.1
       Fresh atomic-waker v1.1.2
       Fresh anstyle-parse v1.0.0
       Fresh equivalent v1.0.2
       Fresh tower-layer v0.3.3
       Fresh sync_wrapper v1.0.2
       Fresh anstyle v1.0.14
       Fresh is_terminal_polyfill v1.70.2
       Fresh quote v1.0.47
       Fresh generic-array v0.14.7
       Fresh rand_core v0.6.4
       Fresh signal-hook-registry v1.4.8
       Fresh tracing v0.1.44
       Fresh httparse v1.10.1
       Fresh http-body-util v0.1.4
       Fresh anstyle-query v1.1.5
       Fresh hashbrown v0.17.1
       Fresh colorchoice v1.0.5
       Fresh percent-encoding v2.3.2
       Fresh zmij v1.0.23
       Fresh opaque-debug v0.3.1
       Fresh winnow v0.7.15
       Fresh heck v0.5.0
       Fresh toml_write v0.1.2
       Fresh memchr v2.8.3
       Fresh syn v3.0.3
       Fresh crypto-common v0.1.7
       Fresh syn v2.0.119
       Fresh block-buffer v0.10.4
       Fresh inout v0.1.4
       Fresh form_urlencoded v1.2.2
       Fresh indexmap v2.14.0
       Fresh anstream v1.0.0
       Fresh signature v2.2.0
       Fresh ryu v1.0.23
       Fresh time-core v0.1.9
       Fresh keccak v0.1.6
       Fresh base64ct v1.8.3
       Fresh futures-sink v0.3.33
       Fresh strsim v0.11.1
       Fresh num-conv v0.2.2
       Fresh clap_lex v1.1.0
       Fresh mime v0.3.17
       Fresh tokio-macros v2.7.2
       Fresh digest v0.10.7
       Fresh zeroize_derive v1.5.0
       Fresh serde_derive v1.0.229
       Fresh universal-hash v0.5.1
       Fresh curve25519-dalek-derive v0.1.1
       Fresh thiserror-impl v2.0.19
       Fresh ed25519 v2.2.3
       Fresh axum-core v0.5.6
       Fresh serde_json v1.0.151
       Fresh clap_builder v4.6.2
       Fresh clap_derive v4.6.4
       Fresh aead v0.5.2
       Fresh time-macros v0.2.32
       Fresh password-hash v0.5.0
       Fresh serde_path_to_error v0.1.20
       Fresh rtoolbox v0.0.5
       Fresh powerfmt v0.2.0
       Fresh tokio v1.53.1
       Fresh zeroize v1.9.0
       Fresh serde v1.0.229
       Fresh sha2 v0.10.9
       Fresh sha3 v0.10.9
       Fresh poly1305 v0.8.0
       Fresh blake2 v0.10.6
       Fresh matchit v0.8.4
       Fresh linux-raw-sys v0.12.1
       Fresh deranged v0.5.8
       Fresh hex v0.4.3
       Fresh bitflags v2.13.1
       Fresh thiserror v2.0.19
       Fresh clap v4.6.4
       Fresh getrandom v0.4.3
       Fresh rpassword v7.5.4
       Fresh fastrand v2.5.0
       Fresh similar v2.7.0
       Fresh base64 v0.22.1
       Fresh hyper v1.11.0
       Fresh cipher v0.4.4
       Fresh toml_datetime v0.6.11
       Fresh serde_spanned v0.6.9
       Fresh tower v0.5.3
       Fresh serde_urlencoded v0.7.1
       Fresh curve25519-dalek v4.1.3
       Fresh tokio-util v0.7.19
       Fresh rustix v1.1.4
       Fresh argon2 v0.5.3
       Fresh time v0.3.54
       Fresh fips205 v0.4.1
       Fresh hyper-util v0.1.20
       Fresh toml_edit v0.22.27
       Fresh chacha20 v0.9.1
       Fresh tokio-stream v0.1.19
       Fresh ed25519-dalek v2.2.0
       Fresh tempfile v3.27.0
       Fresh axum v0.8.9
       Fresh toml v0.8.23
       Fresh chacha20poly1305 v0.10.1
       Fresh hyperlocal v0.9.1
       Fresh einmo v0.0.5 (/yolo/tmp/cargo-mutants-einmo-uhCWRb.tmp)
    Finished `test` profile [unoptimized + debuginfo] target(s) in 10.05s
     Running `/yolo/target/debug/deps/einmo-ed41b1ecd06a0630`

running 356 tests
test case::tests::agreement_both_absent ... ok
test case::tests::agreement_records_the_policy_it_was_computed_under ... ok
test case::tests::retract_refuses_output ... ok
test cli::tests::cli_parses_list_and_body ... ok
test cli::tests::cli_parses_subcommands ... ok
test cli::tests::cli_promote_collects_positional_args ... ok
test cli::tests::cli_promote_no_files_is_empty ... ok
test cli::tests::cli_promote_spaced_form_parses ... ok
test cli::tests::cli_verify_accepts_positional_files ... ok
test cli::tests::files_ref_empty_is_none ... ok
test cli::tests::flags_do_not_fail_the_gate_when_downgraded ... ok
test cli::tests::flags_fail_the_gate_by_default ... ok
test cli::tests::no_flags_never_fails_the_gate_either_way ... ok
test cli::tests::parse_transition_ok_and_errors ... ok
test cli::tests::resolve_files_from_iter_dash_mixed_with_files ... ok
test cli::tests::resolve_files_from_iter_dash_replaced_by_stdin ... ok
test cli::tests::resolve_files_from_iter_empty ... ok
test cli::tests::resolve_files_from_iter_no_dash ... ok
test cli::tests::resolve_files_from_iter_skips_blank_lines ... ok
test cli::tests::split_promote_spaced_and_glued_agree ... ok
test cli::tests::transition_accepts_redirect_safe_separators ... ok
test collation::tests::case_differing_paths_sort_deterministically_without_folding ... ok
test collation::tests::case_sort_is_deterministic_across_discovery_orders ... ok
test collation::tests::default_is_path_bytes ... ok
test collation::tests::distinct_normalization_forms_are_not_folded_together ... ok
test collation::tests::duplicate_path_is_a_hard_error_never_a_silent_tiebreak ... ok
test collation::tests::flat_and_nested_sharing_a_prefix_order_by_structure ... ok
test collation::tests::identifier_round_trips ... ok
test collation::tests::no_tie_among_many_distinct_paths ... ok
test collation::tests::ordering_is_stable_regardless_of_discovery_order ... ok
test collation::tests::separator_vs_in_name_character_sorts_structurally ... ok
test collation::tests::shorter_prefix_sorts_first_when_nested ... ok
test collation::tests::unknown_identifier_fails_as_that_not_a_generic_mismatch ... ok
test case::tests::promote_refuses_tampered_source ... ok
test case::tests::promote_errors_when_source_is_absent ... ok
test case::tests::retract_checked_cascades_to_verified_and_reports_only_what_existed ... ok
test compare::tests::compare_files_only_in_one_stage ... FAILED
test case::tests::flag_concatenates_with_an_existing_flagged_note ... FAILED
test case::tests::retract_verified_leaves_checked ... FAILED
test compare::tests::root_cause_descends_to_deepest ... ok
test case::tests::agreement_tampered_is_never_folded_into_differ ... FAILED
test case::tests::agreement_one_sided_reports_which_side_is_present_both_directions ... FAILED
test config::tests::builder_sets_fields ... ok
test config::tests::cascade_cli_overrides_env ... ok
test config::tests::cascade_env_overrides_stage_config ... ok
test config::tests::cascade_stage_config_used_when_present ... ok
test config::tests::cascade_verified_unset_falls_through_to_prompt ... ok
test config::tests::collation_defaults_to_path_bytes_when_unset ... ok
test config::tests::collation_reads_from_einmo_toml_signing_section ... ok
test config::tests::collation_unknown_identifier_in_toml_is_a_corpus_signature_error ... ok
test config::tests::empty_string_is_set_not_unset ... ok
test case::tests::flag_moves_the_artifact_into_the_origin_stages_own_sink ... FAILED
test config::tests::interactive_flag_forces_prompt ... ok
test config::tests::key_source_consumes_the_passphrase_string ... ok
test config::tests::key_source_debug_never_renders_the_raw_passphrase ... ok
test config::tests::key_source_from_str_literal_works ... ok
test config::tests::key_source_from_empty_string_is_the_computer_key ... ok
test config::tests::stage_dirs_default_and_paths ... ok
test case::tests::agreement_p1_repro_unpopulated_verified_does_not_affect_output_checked_agreement ... FAILED
test case::tests::agreement_all_present_and_agree ... FAILED
test corpus_signer::tests::digest_changes_on_add_remove_alter_reorder ... ok
test corpus_signer::tests::digest_is_stable_across_repeated_calls_with_no_change ... ok
test corpus_signer::tests::digest_reflects_manifest_order_not_just_file_set ... ok
test corpus_signer::tests::empty_section_manifest_is_well_formed ... ok
test case::tests::promote_refuses_an_illegal_transition ... ok
test corpus_signer::tests::manifest_is_deterministic_regardless_of_discovery_order ... ok
test corpus_signer::tests::mid_read_size_change_is_a_hard_error ... ok
test corpus_signer::tests::normal_digest_over_a_stable_file_succeeds ... ok
test case::tests::promote_cosigns_when_destination_content_matches ... FAILED
test case::tests::promote_already_signed_by_this_key_is_a_true_noop ... FAILED
test case::tests::promote_writes_a_fresh_baseline_when_destination_absent ... FAILED
test case::tests::promote_flags_non_human_for_the_computer_key_on_verified ... FAILED
test case::tests::agreement_differ_reports_the_diverged_section_names ... FAILED
test case::tests::agreement_comments_repro_policy_controls_whether_comments_only_divergence_counts ... FAILED
test einmo_suite::tests::body_sections_excludes_stamps ... ok
test case::tests::promote_deliberate_asymmetry_comments_only_difference_is_not_a_match ... FAILED
test compare::tests::comments_diff_ignored_by_default_but_caught_when_required ... FAILED
test case::tests::promote_genuinely_different_content_writes_a_fresh_baseline_not_a_cosign ... FAILED
test einmo_suite::tests::catastrophe_crumb_detected_suite_fails ... FAILED
test compare::tests::stamps_only_diff_still_matches ... FAILED
test einmo_suite::tests::catastrophe_crumb_rerun_overwrites ... FAILED
test einmo_suite::tests::count_flagged_attributes_each_artifact_to_its_own_origin_stage ... ok
test einmo_suite::tests::count_flagged_is_zero_for_a_suite_with_no_flags ... ok
test einmo_suite::tests::count_flagged_lists_every_flagged_artifact ... ok
test compare::tests::compare_single_file has been running for over 60 seconds
test compare::tests::tampered_file_is_tampered_not_differing ... ok
test einmo_suite::tests::catastrophe_crumb_ignored_suite_passes ... FAILED
test compare::tests::identical_stages_all_matching ... FAILED
test einmo_suite::tests::default_failure_policy_is_fail_at_end ... ok
test compare::tests::output_diff_is_differing ... FAILED
test compare::tests::only_in_a_and_only_in_b ... FAILED
test compare::tests::compare_single_file ... FAILED
test einmo_suite::tests::env_beats_builder ... ok
test corpus_signer::tests::added_file_after_signing_fails_verify has been running for over 60 seconds
test corpus_signer::tests::corpus_signer_key_is_domain_separated_from_the_ed25519_stamp_key has been running for over 60 seconds
test corpus_signer::tests::different_passphrases_yield_different_slh_dsa_keys has been running for over 60 seconds
test corpus_signer::tests::empty_section_signs_and_verifies_like_any_other has been running for over 60 seconds
test corpus_signer::tests::same_passphrase_derives_the_same_slh_dsa_keypair_every_time has been running for over 60 seconds
test einmo_suite::tests::checked_level_demands_a_baseline_but_not_signatures ... FAILED
test corpus_signer::tests::section_sig_file_is_dot_named_and_excluded_from_its_own_manifest has been running for over 60 seconds
test corpus_signer::tests::sign_then_verify_round_trips has been running for over 60 seconds
test corpus_signer::tests::tampered_section_after_signing_fails_verify has been running for over 60 seconds
test corpus_signer::tests::tampered_signature_bytes_fail_verify_not_a_panic has been running for over 60 seconds
test corpus_signer::tests::unrecognized_collation_in_section_sig_fails_as_that has been running for over 60 seconds
test einmo_suite::tests::crumb_written_before_evaluation ... FAILED
test einmo_suite::tests::extraneous_input_and_orphaned_artifact_are_distinct ... ok
test einmo_suite::tests::correspondence_failure_reported_until_promoted ... ok
test einmo_suite::tests::fail_fast_stops_at_the_first_problem_fae_gathers_all ... ok
test einmo_suite::tests::clean_suite_has_no_integrity_violations ... ok
test einmo_suite::tests::duration_limit_exceeded_fails_test ... FAILED
test einmo_suite::tests::levels_escalate_cumulatively ... ok
test corpus_signer::tests::corpus_signer_key_is_domain_separated_from_the_ed25519_stamp_key ... ok
test einmo_suite::tests::dependent_diff_is_generated_and_signed ... FAILED
test einmo_suite::tests::crash_crumb_survives_process_abort has been running for over 60 seconds
test einmo_suite::tests::err_becomes_input_error_status ... FAILED
test einmo_suite::tests::crash_crumb_survives_stack_overflow has been running for over 60 seconds
test einmo_suite::tests::diff_limit_exceed_fails_and_marks_output_error has been running for over 60 seconds
test einmo_suite::tests::diff_limit_exceed_fails_and_marks_output_error ... ok
test einmo_suite::tests::per_suite_toml_beats_crate_wise ... ok
test einmo_suite::tests::evaluate_writes_stamped_verifiable_output ... FAILED
test einmo_suite::tests::problems_report_their_level ... ok
test einmo_suite::tests::extraneous_input_is_a_violation ... ok
test einmo_suite::tests::reference_resolution_and_chains ... ok
test einmo_suite::tests::orphaned_artifact_is_a_violation ... ok
test einmo_suite::tests::flagged_orphan_is_not_a_violation ... ok
test einmo_suite::tests::toml_suite_section_parsed ... ok
test einmo_suite::tests::topological_puts_reference_first ... ok
test einmo_suite::tests::inline_input_captured ... FAILED
test einmo_suite::tests::output_level_ignores_unpopulated_higher_stages ... FAILED
test einmo_suite::tests::panic_becomes_output_error_status ... FAILED
test einmo_suite::tests::perspective_section_emitted ... FAILED
test corpus_signer::tests::different_passphrases_yield_different_slh_dsa_keys ... ok
test einmo_suite::tests::parallel_and_serial_agree has been running for over 60 seconds
test einmo_suite::tests::write_output_corrupt_existing_is_treated_as_absent_fresh_write ... FAILED
test einmo_suite::tests::suite_duration_limit_aborts_early ... ok
test corpus_signer::tests::same_passphrase_derives_the_same_slh_dsa_keypair_every_time ... ok
test format::tests::malformed_header_errors ... ok
test format::tests::missing_sections_errors ... ok
test format::tests::advisory_line_excluded_from_signed_bytes ... ok
test einmo_suite::tests::read_error_produces_output_error_status has been running for over 60 seconds
test einmo_suite::tests::write_output_unchanged_content_different_signer_appends_stamp ... FAILED
test einmo_suite::tests::read_error_produces_output_error_status ... FAILED
test format::tests::concatenated_advisory_round_trips_and_keeps_the_chain_valid ... ok
test format::tests::generated_chain_verifies_after_roundtrip ... ok
test einmo_suite::tests::write_output_unchanged_content_same_signer_is_byte_identical_noop ... FAILED
test journal::tests::harden_dir_creates_and_secures_mode_0700 ... ok
test journal::tests::journal_decision_round_trips_through_its_wire_form ... ok
test journal::tests::journal_level_orders_terse_normal_fine ... ok
test journal::tests::log_at_respects_the_configured_level ... ok
test journal::tests::replay_of_a_never_written_session_is_empty ... ok
test journal::tests::replay_round_trips_events_in_order ... ok
test journal::tests::replay_skips_an_unparseable_line_wherever_it_occurs ... ok
test einmo_suite::tests::regenerate_output_replaces_drifted_content_and_a_subsequent_run_is_clean has been running for over 60 seconds
test einmo_suite::tests::write_output_differing_content_marks_drifted_and_leaves_existing_untouched has been running for over 60 seconds
test format::tests::perspective_section_roundtrips ... ok
test format::tests::multiple_output_sections ... ok
test format::tests::roundtrip_byte_exact_default_separator ... ok
test format::tests::separator_collision_refused ... ok
test format::tests::roundtrip_foolish_separator ... ok
test format::tests::cr_in_status_detail_roundtrips ... ok
test einmo_suite::tests::write_output_differing_content_marks_drifted_and_leaves_existing_untouched ... FAILED
test einmo_suite::tests::regenerate_output_replaces_drifted_content_and_a_subsequent_run_is_clean ... FAILED
test einmo_suite::tests::crash_crumb_survives_stack_overflow ... FAILED
test format::tests::status_and_detail_roundtrip_multiline ... ok
test einmo_suite::tests::crash_crumb_survives_process_abort ... FAILED
test review::tests::an_expired_claim_is_auto_reclaimed ... ok
test review::tests::default_review_opts_is_full_mode_no_filter ... ok
test einmo_suite::tests::parallel_and_serial_agree ... FAILED
test review::tests::body_is_single_flight_verified has been running for over 60 seconds
test review::tests::body_reverifies_a_different_artifact has been running for over 60 seconds
test review::tests::claim_appears_in_plan_output has been running for over 60 seconds
test review::tests::claim_is_advisory_and_never_blocks_decide_or_execute has been running for over 60 seconds
test review::tests::claim_refreshes_rather_than_stacks has been running for over 60 seconds
test review::tests::body_is_single_flight_verified ... FAILED
test review::tests::diff_reports_line_level_changes_between_differing_stages ... FAILED
test review::tests::execute_clears_pending_decisions_it_applied ... FAILED
test review::tests::execute_clears_pending_decisions_it_skipped ... FAILED
test review::tests::body_reverifies_a_different_artifact ... FAILED
test review::tests::execute_flag_moves_and_writes_advisory_no_signing ... FAILED
test review::tests::claim_appears_in_plan_output ... FAILED
test review::tests::claim_is_advisory_and_never_blocks_decide_or_execute ... FAILED
test review::tests::claim_refreshes_rather_than_stacks ... FAILED
test review::tests::comprehensive_multi_reviewer_end_to_end ... FAILED
test review::tests::comprehensive_suite_wide_consistency_between_test_and_review_consumers ... FAILED
test review::tests::decide_and_undecide_are_journaled ... FAILED
test review::tests::decide_replaces_not_stacks ... FAILED
test review::tests::decision_reports_the_answer_so_far ... FAILED
test review::tests::execute_logs_one_execute_batch_entry ... FAILED
test review::tests::execute_missing_verified_key_aborts_the_whole_batch_untouched ... FAILED
test review::tests::execute_promote_appends_a_second_signers_stamp_when_content_matches ... FAILED
test review::tests::execute_one_errors_when_the_decision_has_drifted ... FAILED
test review::tests::execute_promote_to_verified_without_key_errors ... FAILED
test review::tests::execute_one_errors_when_no_decision_is_pending ... FAILED
test review::tests::execute_promote_matches_cli_promote_byte_for_byte ... FAILED
test review::tests::diff_excludes_stamps_section ... FAILED
test review::tests::diff_is_all_equal_when_stage_bodies_match ... FAILED
test review::tests::execute_reports_non_human_for_a_computer_key_verified_promotion_but_not_a_real_one ... FAILED
test review::tests::execute_retract_from_verified_removes_only_verified ... FAILED
test review::tests::execute_retract_matches_cli_retract_and_cascades ... FAILED
test review::tests::execute_skips_a_drifted_decision_and_never_applies_stale_content ... FAILED
test review::tests::filter_restricts_items_by_substring ... FAILED
test review::tests::execute_one_applies_a_pending_decision ... FAILED
test review::tests::execute_promote_writes_a_fresh_baseline_when_content_genuinely_differs ... FAILED
test review::tests::flag_now_errors_when_stage_has_nothing_for_id ... FAILED
test review::tests::open_writes_a_session_open_entry ... FAILED
test review::tests::random_mode_returns_the_same_set_as_full ... FAILED
test review::tests::refresh_does_not_report_an_undecided_case_even_if_its_output_changes ... FAILED
test review::tests::refresh_reports_a_case_whose_basis_content_changed_since_decide ... FAILED
test review::tests::refresh_reports_nothing_when_basis_content_is_unchanged ... FAILED
test review::tests::refresh_reports_nothing_when_no_decisions_are_pending ... FAILED
test review::tests::new_or_broken_excludes_cases_whose_verified_stage_is_simply_unpopulated_p1_repro ... FAILED
test review::tests::flag_now_is_atomic_no_decide_or_execute_needed ... FAILED
test review::tests::items_reflects_suite_scan ... FAILED
test review::tests::new_or_broken_mode_excludes_a_fully_matching_case ... FAILED
test review::tests::flag_now_concatenates_with_an_existing_flagged_note ... FAILED
test review::tests::resume_of_an_unknown_session_id_is_a_fresh_empty_review ... FAILED
test review::tests::execute_one_errors_on_a_skip_decision ... FAILED
test review::tests::execute_one_clears_the_decision_afterward ... FAILED
test review::tests::flag_now_clears_any_pending_decision ... FAILED
test review::tests::open_matches_open_with_default_opts ... FAILED
test review::tests::resume_reconstructs_a_pending_decision_left_by_a_dropped_session ... FAILED
test review::tests::execute_promote_is_a_true_noop_when_dest_already_matches_and_is_mine ... FAILED
test review::tests::resume_reconstructs_multiple_decisions_and_undecides ... FAILED
test review::tests::resume_replays_undecide_so_a_cleared_decision_stays_cleared ... FAILED
test review::tests::signer_set_debug_never_renders_either_raw_passphrase ... ok
test review::tests::resume_tolerates_a_truncated_journal_tail ... FAILED
test review::tests::retract_now_cascades_checked_to_verified ... FAILED
test review::tests::retract_now_clears_any_pending_decision ... FAILED
test review::tests::retract_now_errors_when_stage_has_nothing_for_id ... FAILED
test review::tests::retract_now_refuses_output_stage ... FAILED
test review::tests::retract_now_is_atomic_no_decide_or_execute_needed ... FAILED
test review::tests::retract_now_serializes_against_a_concurrent_execute_on_the_same_id ... FAILED
test review::tests::undecide_clears_back_to_untouched ... FAILED
test review::tests::concurrent_execute_calls_do_not_corrupt_state has been running for over 60 seconds
test review::tests::concurrent_execute_calls_do_not_corrupt_state ... FAILED
test review_server::tests::case_diff_400s_on_invalid_stage ... ok
test review_server::tests::events_endpoint_404s_on_unknown_session ... ok
test review::tests::execute_derives_stage_key_once_per_batch_not_per_case has been running for over 60 seconds
test review_server::tests::case_body_returns_verified_sections has been running for over 60 seconds
test review_server::tests::case_diff_404s_on_unknown_case has been running for over 60 seconds
test review_server::tests::case_diff_returns_all_equal_when_stages_match has been running for over 60 seconds
test review_server::tests::claim_endpoint_404s_on_unknown_case has been running for over 60 seconds
test review_server::tests::claim_endpoint_surfaces_in_plan has been running for over 60 seconds
test review_server::tests::claim_via_http_expires_and_is_auto_reclaimed has been running for over 60 seconds
test review_server::tests::concurrent_body_requests_single_flight_verify_exactly_once has been running for over 60 seconds
test review_server::tests::concurrent_decisions_on_distinct_cases_lose_none has been running for over 60 seconds
test review_server::tests::create_session_then_list_cases has been running for over 60 seconds
test review_server::tests::delete_decision_clears_it has been running for over 60 seconds
test review_server::tests::case_diff_returns_all_equal_when_stages_match ... FAILED
test review_server::tests::execute_promote_to_verified_needs_a_passphrase ... FAILED
test review_server::tests::claim_endpoint_404s_on_unknown_case ... FAILED
test review_server::tests::execute_request_debug_never_renders_the_raw_passphrase ... ok
test review_server::tests::execute_response_surfaces_non_human_for_a_computer_key_verified_promotion ... FAILED
test review_server::tests::claim_via_http_expires_and_is_auto_reclaimed ... FAILED
test review_server::tests::claim_endpoint_surfaces_in_plan ... FAILED
test review_server::tests::execute_with_confirm_promotes_to_checked ... FAILED
test review_server::tests::execute_without_confirm_refuses_a_pending_promotion ... FAILED
test review_server::tests::flag_endpoint_400s_on_invalid_stage ... FAILED
test review_server::tests::flag_endpoint_404s_on_unknown_case ... FAILED
test review_server::tests::concurrent_body_requests_single_flight_verify_exactly_once ... FAILED
test review_server::tests::flag_endpoint_moves_the_case_and_returns_ok ... FAILED
test review_server::tests::private_socket_path_can_be_served_over ... FAILED
test review_server::tests::invalid_stage_400s ... FAILED
test review_server::tests::put_decision_after_delete_starts_a_fresh_decision ... FAILED
test review_server::tests::put_decision_then_plan_reflects_it ... FAILED
test review_server::tests::retract_endpoint_400s_on_invalid_stage ... FAILED
test review_server::tests::case_diff_404s_on_unknown_case ... FAILED
test review_server::tests::private_socket_path_is_hardened_and_unique ... ok
test review_server::tests::put_decision_400s_on_invalid_kind ... FAILED
test review_server::tests::put_decision_replaces_not_stacks ... FAILED
test review_server::tests::retract_endpoint_400s_on_output_stage ... FAILED
test review_server::tests::router_tcp_allows_execute_without_a_passphrase ... FAILED
test review_server::tests::router_tcp_refuses_execute_with_a_passphrase_by_default ... FAILED
test review_server::tests::router_tcp_rejects_missing_bearer_token ... FAILED
test review_server::tests::router_tcp_rejects_wrong_bearer_token ... FAILED
test review_server::tests::serve_tcp_end_to_end_enforces_the_bearer_token ... FAILED
test review_server::tests::router_tcp_allows_execute_with_a_passphrase_when_explicitly_opted_in ... FAILED
test review_server::tests::serve_uds_end_to_end_and_cleans_up_on_shutdown ... FAILED
test review_server::tests::serve_uds_rebinds_a_stale_socket_file ... FAILED
test review_server::tests::retract_endpoint_404s_on_unknown_case ... FAILED
test review_server::tests::retract_endpoint_removes_the_case_and_returns_ok ... FAILED
test review_server::tests::unknown_case_404s ... FAILED
test review_server::tests::serve_uds_refuses_a_live_socket ... FAILED
test signature::tests::compiled_key_is_distinct_from_computer_key ... ok
test review_server::tests::unknown_session_404s_on_every_route ... ok
test review_server::tests::router_tcp_accepts_the_correct_bearer_token ... FAILED
test review_server::tests::delete_decision_clears_it ... FAILED
test review_server::tests::serve_tcp_refuses_a_non_loopback_address ... ok
test review_server::tests::case_body_returns_verified_sections ... FAILED
test review_server::tests::create_session_then_list_cases ... FAILED
test review_server::tests::delete_decision_is_a_no_op_when_already_undecided ... FAILED
test review_server::tests::events_stream_reports_a_decision_made_event ... FAILED
test review_server::tests::malformed_id_400s_at_the_extractor ... FAILED
test signature::tests::invalid_stage_key_rejected ... ok
test signature::tests::invalid_stamp_key_rejected ... ok
test signature::tests::malformed_stamp_json_is_rejected ... ok
test signature::tests::empty_passphrase_derives_computer_key_deterministically ... ok
test signature::tests::different_passphrases_yield_different_keys ... ok
test signature::tests::generate_is_generate_for_stage_specialized_to_stage_output ... ok
test signature::tests::generated_chain_verifies ... ok
test signature::tests::generate_for_stage_produces_a_chain_certifying_the_given_stage_key ... ok
test signature::tests::empty_passphrase_verified_stamp_is_detectably_computer ... ok
test signature::tests::stage_keypair_seed_is_never_accessible_as_plaintext ... ok
test signature::tests::append_preserves_existing_stamps_byte_for_byte ... ok
test signature::tests::valid_stage_key_accepted ... ok
test stage::tests::einmo_id_display_matches_as_str ... ok
test stage::tests::einmo_id_distinguishes_same_stem_different_extension ... ok
test stage::tests::einmo_id_from_stage_artifact_path_recovers_flat_id ... ok
test stage::tests::einmo_id_rejects_traversal_and_absolute_and_nul ... ok
test stage::tests::einmo_id_round_trips_through_stage_path ... ok
test stage::tests::einmo_id_try_from_str_matches_from_input_rel ... ok
test stage::tests::flat_input_maps_to_flat_mirror ... ok
test stage::tests::hierarchical_input_maps_to_mirrored_path ... ok
test stage::tests::non_foo_extensions_discovered ... ok
test stage::tests::same_basename_different_branches_coexist ... ok
test stage::tests::stage_names_and_stamp_keys ... ok
test stage::tests::symlinked_dir_recursed ... ok
test stage::tests::symlinked_file_discovered ... ok
test stage::tests::validate_stage_name_rules ... ok
test stage::tests::walk_depth_limit_prevents_infinite_symlink_cycle ... ok
test stage::tests::walk_skips_hidden_entries ... ok
test storage::tests::einmo_directory_and_in_memory_storage_agree_on_the_contract ... ok
test storage::tests::einmo_directory_flagged_resolves_under_its_own_origin_stage_only ... ok
test storage::tests::einmo_directory_list_ids_empty_when_stage_dir_has_nothing ... ok
test storage::tests::einmo_directory_list_ids_stage_excludes_its_own_nested_flagged_sink ... ok
test storage::tests::einmo_directory_list_ids_unions_input_and_each_stage_independently ... ok
test storage::tests::einmo_directory_round_trips_input_and_every_stage ... ok
test storage::tests::einmo_directory_write_creates_missing_parent_directories ... ok
test storage::tests::in_memory_storage_list_ids_unions_independently_per_location ... ok
test storage::tests::in_memory_storage_round_trips_input_and_every_stage ... ok
test suite::tests::cases_iterates_in_id_order_and_case_looks_up_present_and_absent ... ok
test suite::tests::digest_via_storage_matches_corpus_signers_own_direct_digest ... ok
test suite::tests::directory_tree_groups_by_path_components_at_every_depth ... ok
test suite::tests::directory_tree_never_has_an_empty_node ... ok
test signature::tests::forged_stage_stamp_under_wrong_key_fails ... ok
test signature::tests::highest_stage_stamp_tracks_latest ... ok
test review::tests::execute_derives_stage_key_once_per_batch_not_per_case ... FAILED
test suite::tests::promote_refuses_an_illegal_transition_even_for_an_empty_suite ... ok
test signature::tests::multi_stage_stamp_parse_preserves_order ... ok
test signature::tests::pubkey_hex_matches_the_signing_key_for_the_same_passphrase ... ok
test signature::tests::stamp_json_line_roundtrips ... ok
test suite::tests::retract_refuses_output_even_for_an_empty_selection ... ok
test signature::tests::tampered_body_invalidates_stage_stamps ... ok
test suite::tests::scan_excludes_flagged_sinks ... ok
test suite::tests::scan_filter_matches_against_the_id_not_a_dot_einmo_suffix ... ok
test suite::tests::scan_parity_between_einmo_directory_and_in_memory_storage ... ok
test suite::tests::scan_unions_input_and_stages_sorted_and_deduplicated ... ok
test signature::tests::stage_keypair_uses_zeroizing_for_kek_and_derives_correctly ... ok
test signature::tests::full_promotion_chain_verifies ... ok
test signature::tests::tampered_stage_signature_fails ... ok
test suite_lock::tests::acquire_errors_on_a_nonexistent_suite ... ok
test suite_lock::tests::acquire_reclaims_a_stale_lock_whose_socket_is_gone ... ok
test suite_lock::tests::acquire_refuses_a_second_lock_while_the_first_socket_is_live ... ok
test suite_lock::tests::acquire_writes_the_socket_path_and_releases_on_drop ... ok
test suite_lock::tests::suite_lock_path_differs_for_different_suites ... ok
test suite_lock::tests::suite_lock_path_is_stable_across_relative_and_absolute_forms ... ok
test signature::tests::tampered_configured_pubkey_breaks_certification ... ok
test transitions::tests::glob_match_consecutive_stars_dont_backtrack ... ok
test transitions::tests::glob_matches_subtree ... ok
test transitions::tests::normalize_paths ... ok
test transitions::tests::confirm_signatures_matches_prefix ... FAILED
test transitions::tests::promote_flag_to_note_carries_the_concatenated_history ... FAILED
test suite::tests::retract_selects_every_case_matching_filter ... FAILED
test suite::tests::flag_selects_every_case_matching_filter_and_skips_absent_ones ... FAILED
test transitions::tests::promote_flag_to_note_does_not_consume_the_flag ... FAILED
test suite::tests::promote_derives_the_stage_key_once_per_batch_not_per_case has been running for over 60 seconds
test transitions::tests::promote_flag_to_note_writes_a_signed_note_from_the_advisory ... FAILED
test transitions::tests::promote_flag_to_note_round_trip_verify_on_inspect_and_key_match ... FAILED
test suite::tests::promote_ids_overrides_filter has been running for over 60 seconds
test suite::tests::promote_ids_overrides_filter ... FAILED
test suite::tests::promote_selects_every_case_matching_filter ... FAILED
test suite::tests::promote_silently_skips_a_case_absent_at_the_source_stage ... ok
test verify::tests::flagged_artifact_still_passes_verify ... FAILED
test suite::tests::promote_the_same_content_with_two_different_keys_co_signs_both ... FAILED
test suite::tests::update_corpus_signature_creates_when_none_exists has been running for over 60 seconds
test suite::tests::update_corpus_signature_is_a_no_op_when_already_current has been running for over 60 seconds
test suite::tests::update_corpus_signature_re_signs_when_stale has been running for over 60 seconds
test verify::tests::from_file_accepts_valid ... FAILED
test verify::tests::from_file_refuses_tampered ... ok
test verify::tests::metadata_whitespace_tamper_detected ... ok
test verify::tests::tampered_metadata_refused ... ok
test verify::tests::valid_file_verifies ... FAILED
test verify::tests::tampered_input_refused ... ok
test verify::tests::tampered_output_refused ... ok
test suite::tests::promote_derives_the_stage_key_once_per_batch_not_per_case ... FAILED
test review_server::tests::concurrent_decisions_on_distinct_cases_lose_none ... ok
test corpus_signer::tests::empty_section_signs_and_verifies_like_any_other ... ok
test corpus_signer::tests::tampered_section_after_signing_fails_verify ... ok
test corpus_signer::tests::unrecognized_collation_in_section_sig_fails_as_that ... ok
test corpus_signer::tests::added_file_after_signing_fails_verify ... ok
test corpus_signer::tests::sign_then_verify_round_trips ... ok
test corpus_signer::tests::section_sig_file_is_dot_named_and_excluded_from_its_own_manifest ... ok
test corpus_signer::tests::tampered_signature_bytes_fail_verify_not_a_panic ... ok
test suite::tests::update_corpus_signature_creates_when_none_exists ... ok
test suite::tests::update_corpus_signature_is_a_no_op_when_already_current ... ok
test suite::tests::update_corpus_signature_re_signs_when_stale ... ok

failures:

---- compare::tests::compare_files_only_in_one_stage stdout ----

thread 'compare::tests::compare_files_only_in_one_stage' (177737) panicked at src/compare.rs:578:9:
assertion `left == right` failed
  left: []
 right: ["a.foo.einmo"]
note: run with `RUST_BACKTRACE=1` environment variable to display a backtrace

---- case::tests::flag_concatenates_with_an_existing_flagged_note stdout ----

thread 'case::tests::flag_concatenates_with_an_existing_flagged_note' (177195) panicked at src/case.rs:1021:43:
called `Result::unwrap()` on an `Err` value: Verification("stamp(s) failed: stage:output")

---- case::tests::retract_verified_leaves_checked stdout ----

thread 'case::tests::retract_verified_leaves_checked' (177208) panicked at src/case.rs:1098:18:
called `Result::unwrap()` on an `Err` value: Verification("stamp(s) failed: stage:output")

---- case::tests::agreement_tampered_is_never_folded_into_differ stdout ----

thread 'case::tests::agreement_tampered_is_never_folded_into_differ' (177194) panicked at src/case.rs:627:9:
assertion `left == right` failed
  left: Some(Tampered { stages: [Output, Checked] })
 right: Some(Tampered { stages: [Checked] })

---- case::tests::agreement_one_sided_reports_which_side_is_present_both_directions stdout ----

thread 'case::tests::agreement_one_sided_reports_which_side_is_present_both_directions' (177191) panicked at src/case.rs:567:9:
assertion `left == right` failed
  left: Some(Tampered { stages: [Output] })
 right: Some(OneSided { present: Output, absent: Checked })

---- case::tests::flag_moves_the_artifact_into_the_origin_stages_own_sink stdout ----

thread 'case::tests::flag_moves_the_artifact_into_the_origin_stages_own_sink' (177196) panicked at src/case.rs:988:49:
called `Result::unwrap()` on an `Err` value: Verification("stamp(s) failed: stage:output")

---- case::tests::agreement_p1_repro_unpopulated_verified_does_not_affect_output_checked_agreement stdout ----

thread 'case::tests::agreement_p1_repro_unpopulated_verified_does_not_affect_output_checked_agreement' (177192) panicked at src/case.rs:657:9:
assertion `left == right` failed
  left: Some(Tampered { stages: [Output, Checked] })
 right: Some(Agree)

---- case::tests::agreement_all_present_and_agree stdout ----

thread 'case::tests::agreement_all_present_and_agree' (177187) panicked at src/case.rs:508:9:
assertion `left == right` failed
  left: Some(Tampered { stages: [Output, Checked] })
 right: Some(Agree)

---- case::tests::promote_cosigns_when_destination_content_matches stdout ----

thread 'case::tests::promote_cosigns_when_destination_content_matches' (177198) panicked at src/case.rs:777:14:
called `Result::unwrap()` on an `Err` value: Verification("stamp(s) failed: stage:output")

---- case::tests::promote_already_signed_by_this_key_is_a_true_noop stdout ----

thread 'case::tests::promote_already_signed_by_this_key_is_a_true_noop' (177197) panicked at src/case.rs:816:59:
called `Result::unwrap()` on an `Err` value: Verification("stamp(s) failed: stage:output")

---- case::tests::promote_writes_a_fresh_baseline_when_destination_absent stdout ----

thread 'case::tests::promote_writes_a_fresh_baseline_when_destination_absent' (177205) panicked at src/case.rs:745:14:
called `Result::unwrap()` on an `Err` value: Verification("stamp(s) failed: stage:output")

---- case::tests::promote_flags_non_human_for_the_computer_key_on_verified stdout ----

thread 'case::tests::promote_flags_non_human_for_the_computer_key_on_verified' (177201) panicked at src/case.rs:936:14:
called `Result::unwrap()` on an `Err` value: Verification("stamp(s) failed: stage:output")

---- case::tests::agreement_differ_reports_the_diverged_section_names stdout ----

thread 'case::tests::agreement_differ_reports_the_diverged_section_names' (177190) panicked at src/case.rs:543:9:
assertion `left == right` failed
  left: Some(Tampered { stages: [Output, Checked] })
 right: Some(Differ { sections: ["OUTPUT"] })

---- case::tests::agreement_comments_repro_policy_controls_whether_comments_only_divergence_counts stdout ----

thread 'case::tests::agreement_comments_repro_policy_controls_whether_comments_only_divergence_counts' (177189) panicked at src/case.rs:691:9:
assertion `left == right` failed: COMMENTS is not policy-required under InputOutput
  left: Some(Tampered { stages: [Output, Checked] })
 right: Some(Agree)

---- case::tests::promote_deliberate_asymmetry_comments_only_difference_is_not_a_match stdout ----

thread 'case::tests::promote_deliberate_asymmetry_comments_only_difference_is_not_a_match' (177199) panicked at src/case.rs:897:9:
assertion `left == right` failed
  left: Some(Tampered { stages: [Output, Checked] })
 right: Some(Agree)

---- compare::tests::comments_diff_ignored_by_default_but_caught_when_required stdout ----

thread 'compare::tests::comments_diff_ignored_by_default_but_caught_when_required' (177241) panicked at src/compare.rs:387:9:
assertion `left == right` failed: COMMENTS drift ignored by default
  left: 0
 right: 1

---- case::tests::promote_genuinely_different_content_writes_a_fresh_baseline_not_a_cosign stdout ----

thread 'case::tests::promote_genuinely_different_content_writes_a_fresh_baseline_not_a_cosign' (177202) panicked at src/case.rs:857:14:
called `Result::unwrap()` on an `Err` value: Verification("stamp(s) failed: stage:output")

---- einmo_suite::tests::catastrophe_crumb_detected_suite_fails stdout ----

thread 'einmo_suite::tests::catastrophe_crumb_detected_suite_fails' (178126) panicked at src/einmo_suite.rs:2777:9:
planted crumb must be detectable

---- compare::tests::stamps_only_diff_still_matches stdout ----

thread 'compare::tests::stamps_only_diff_still_matches' (177767) panicked at src/compare.rs:471:9:
assertion `left == right` failed: STAMPS section is never compared
  left: 0
 right: 1

---- einmo_suite::tests::catastrophe_crumb_rerun_overwrites stdout ----

thread 'einmo_suite::tests::catastrophe_crumb_rerun_overwrites' (178147) panicked at src/einmo_suite.rs:2777:9:
planted crumb must be detectable

---- einmo_suite::tests::catastrophe_crumb_ignored_suite_passes stdout ----

thread 'einmo_suite::tests::catastrophe_crumb_ignored_suite_passes' (178137) panicked at src/einmo_suite.rs:2777:9:
planted crumb must be detectable

---- compare::tests::identical_stages_all_matching stdout ----

thread 'compare::tests::identical_stages_all_matching' (177758) panicked at src/compare.rs:294:9:
assertion `left == right` failed
  left: 0
 right: 1

---- compare::tests::output_diff_is_differing stdout ----

thread 'compare::tests::output_diff_is_differing' (177762) panicked at src/compare.rs:357:9:
assertion `left == right` failed
  left: 0
 right: 1

---- compare::tests::only_in_a_and_only_in_b stdout ----

thread 'compare::tests::only_in_a_and_only_in_b' (177761) panicked at src/compare.rs:326:9:
assertion `left == right` failed
  left: []
 right: ["a.foo.einmo"]

---- compare::tests::compare_single_file stdout ----

thread 'compare::tests::compare_single_file' (177738) panicked at src/compare.rs:539:9:
assertion `left == right` failed
  left: 0
 right: 1

---- einmo_suite::tests::checked_level_demands_a_baseline_but_not_signatures stdout ----

thread 'einmo_suite::tests::checked_level_demands_a_baseline_but_not_signatures' (178261) panicked at src/einmo_suite.rs:2339:9:
assertion `left == right` failed: checked/ is empty, so the output has no counterpart — and verified/ must not be mentioned at this level
  left: [SignatureDoesNotVerify { stage: Checked, path: "a.foo.einmo", detail: "verify-on-inspect refused this artifact" }]
 right: [RightMissingEntirely { left: Output, right: Checked, path: "a.foo.einmo" }]

---- einmo_suite::tests::crumb_written_before_evaluation stdout ----

thread 'einmo_suite::tests::crumb_written_before_evaluation' (178732) panicked at src/einmo_suite.rs:2685:9:
assertion failed: result.written_and_verified

---- einmo_suite::tests::duration_limit_exceeded_fails_test stdout ----

thread 'einmo_suite::tests::duration_limit_exceeded_fails_test' (179488) panicked at src/einmo_suite.rs:2722:9:
detail should mention EINMO_DURATION_LIMIT: Some("re-verification of written output failed")

---- einmo_suite::tests::dependent_diff_is_generated_and_signed stdout ----

thread 'einmo_suite::tests::dependent_diff_is_generated_and_signed' (178793) panicked at src/einmo_suite.rs:2089:9:
assertion failed: results.files.iter().all(|f| f.written_and_verified)

---- einmo_suite::tests::err_becomes_input_error_status stdout ----

thread 'einmo_suite::tests::err_becomes_input_error_status' (179886) panicked at src/einmo_suite.rs:1970:47:
called `Result::unwrap()` on an `Err` value: Verification("/yolo/tmp/.tmplAQ5D5/output/bad.foo.einmo: stamp(s) failed: stage:output")

---- einmo_suite::tests::evaluate_writes_stamped_verifiable_output stdout ----

thread 'einmo_suite::tests::evaluate_writes_stamped_verifiable_output' (180007) panicked at src/einmo_suite.rs:1790:9:
assertion failed: result.written_and_verified

---- einmo_suite::tests::inline_input_captured stdout ----

thread 'einmo_suite::tests::inline_input_captured' (180340) panicked at src/einmo_suite.rs:1996:47:
called `Result::unwrap()` on an `Err` value: Verification("/yolo/tmp/.tmpeATaEU/output/x.foo.einmo: stamp(s) failed: stage:output")

---- einmo_suite::tests::output_level_ignores_unpopulated_higher_stages stdout ----

thread 'einmo_suite::tests::output_level_ignores_unpopulated_higher_stages' (180879) panicked at src/einmo_suite.rs:2323:9:
assertion failed: results.all_output_written_and_verified()

---- einmo_suite::tests::panic_becomes_output_error_status stdout ----

thread 'einmo_suite::tests::panic_becomes_output_error_status' (181127) panicked at src/einmo_suite.rs:1768:17:
boom happened

thread 'einmo_suite::tests::panic_becomes_output_error_status' (181127) panicked at src/einmo_suite.rs:1979:9:
a panicking eval still writes a signed file

---- einmo_suite::tests::perspective_section_emitted stdout ----

thread 'einmo_suite::tests::perspective_section_emitted' (181221) panicked at src/einmo_suite.rs:2015:47:
called `Result::unwrap()` on an `Err` value: Verification("/yolo/tmp/.tmpRzvLVA/output/p.foo.einmo: stamp(s) failed: stage:output")

---- einmo_suite::tests::write_output_corrupt_existing_is_treated_as_absent_fresh_write stdout ----

thread 'einmo_suite::tests::write_output_corrupt_existing_is_treated_as_absent_fresh_write' (181953) panicked at src/einmo_suite.rs:1956:9:
assertion failed: result.written_and_verified

---- einmo_suite::tests::write_output_unchanged_content_different_signer_appends_stamp stdout ----

thread 'einmo_suite::tests::write_output_unchanged_content_different_signer_appends_stamp' (182065) panicked at src/einmo_suite.rs:1831:9:
assertion failed: first.written_and_verified

---- einmo_suite::tests::read_error_produces_output_error_status stdout ----

thread 'einmo_suite::tests::read_error_produces_output_error_status' (181578) panicked at src/einmo_suite.rs:2160:9:
a read-failed input still writes a valid signed envelope

---- einmo_suite::tests::write_output_unchanged_content_same_signer_is_byte_identical_noop stdout ----

thread 'einmo_suite::tests::write_output_unchanged_content_same_signer_is_byte_identical_noop' (182146) panicked at src/einmo_suite.rs:1807:9:
assertion failed: first.written_and_verified

---- einmo_suite::tests::write_output_differing_content_marks_drifted_and_leaves_existing_untouched stdout ----

thread 'einmo_suite::tests::write_output_differing_content_marks_drifted_and_leaves_existing_untouched' (181956) panicked at src/einmo_suite.rs:1891:9:
differing content must be reported as drift

---- einmo_suite::tests::regenerate_output_replaces_drifted_content_and_a_subsequent_run_is_clean stdout ----

thread 'einmo_suite::tests::regenerate_output_replaces_drifted_content_and_a_subsequent_run_is_clean' (181912) panicked at src/einmo_suite.rs:1919:9:
precondition: this run must have drifted

---- einmo_suite::tests::crash_crumb_survives_stack_overflow stdout ----

thread 'einmo_suite::tests::crash_crumb_survives_stack_overflow' (178727) panicked at src/einmo_suite.rs:2650:47:
crash-crumb must be valid signed .einmo: Verification("/yolo/tmp/.tmpWgxu7s/output/overflow.foo.einmo: stamp(s) failed: stage:output")

---- einmo_suite::tests::crash_crumb_survives_process_abort stdout ----

thread 'einmo_suite::tests::crash_crumb_survives_process_abort' (178667) panicked at src/einmo_suite.rs:2585:14:
crash-crumb must be a valid signed .einmo that passes verification: Verification("/yolo/tmp/.tmpHYvaR0/output/crash.foo.einmo: stamp(s) failed: stage:output")

---- einmo_suite::tests::parallel_and_serial_agree stdout ----

thread 'einmo_suite::tests::parallel_and_serial_agree' (181132) panicked at src/einmo_suite.rs:2038:13:
assertion failed: results.files.iter().all(|f| f.written_and_verified)

---- review::tests::body_is_single_flight_verified stdout ----

thread '<unnamed>' (183955) panicked at src/review.rs:1712:71:
called `Result::unwrap()` on an `Err` value: Verification("signature verification failed: /yolo/tmp/.tmpWlDswZ/output/a.foo.einmo: stamp(s) failed: stage:output")

thread '<unnamed>' (183961) panicked at src/review.rs:1712:71:
called `Result::unwrap()` on an `Err` value: Verification("signature verification failed: /yolo/tmp/.tmpWlDswZ/output/a.foo.einmo: stamp(s) failed: stage:output")

thread '<unnamed>' (183956) panicked at src/review.rs:1712:71:
called `Result::unwrap()` on an `Err` value: Verification("signature verification failed: /yolo/tmp/.tmpWlDswZ/output/a.foo.einmo: stamp(s) failed: stage:output")

thread '<unnamed>' (183957) panicked at src/review.rs:1712:71:
called `Result::unwrap()` on an `Err` value: Verification("signature verification failed: /yolo/tmp/.tmpWlDswZ/output/a.foo.einmo: stamp(s) failed: stage:output")

thread '<unnamed>' (183954) panicked at src/review.rs:1712:71:
called `Result::unwrap()` on an `Err` value: Verification("signature verification failed: /yolo/tmp/.tmpWlDswZ/output/a.foo.einmo: stamp(s) failed: stage:output")

thread '<unnamed>' (183960) panicked at src/review.rs:1712:71:
called `Result::unwrap()` on an `Err` value: Verification("signature verification failed: /yolo/tmp/.tmpWlDswZ/output/a.foo.einmo: stamp(s) failed: stage:output")

thread '<unnamed>' (183958) panicked at src/review.rs:1712:71:
called `Result::unwrap()` on an `Err` value: Verification("signature verification failed: /yolo/tmp/.tmpWlDswZ/output/a.foo.einmo: stamp(s) failed: stage:output")

thread '<unnamed>' (183959) panicked at src/review.rs:1712:71:
called `Result::unwrap()` on an `Err` value: Verification("signature verification failed: /yolo/tmp/.tmpWlDswZ/output/a.foo.einmo: stamp(s) failed: stage:output")

thread 'review::tests::body_is_single_flight_verified' (182701) panicked at src/review.rs:1716:22:
called `Result::unwrap()` on an `Err` value: Any { .. }

---- review::tests::diff_reports_line_level_changes_between_differing_stages stdout ----

thread 'review::tests::diff_reports_line_level_changes_between_differing_stages' (183962) panicked at src/review.rs:1244:45:
called `Result::unwrap()` on an `Err` value: PoisonError { .. }

---- review::tests::execute_clears_pending_decisions_it_applied stdout ----

thread 'review::tests::execute_clears_pending_decisions_it_applied' (183963) panicked at src/review.rs:1244:45:
called `Result::unwrap()` on an `Err` value: PoisonError { .. }

---- review::tests::execute_clears_pending_decisions_it_skipped stdout ----

thread 'review::tests::execute_clears_pending_decisions_it_skipped' (183964) panicked at src/review.rs:1244:45:
called `Result::unwrap()` on an `Err` value: PoisonError { .. }

---- review::tests::body_reverifies_a_different_artifact stdout ----

thread 'review::tests::body_reverifies_a_different_artifact' (182706) panicked at src/review.rs:1244:45:
called `Result::unwrap()` on an `Err` value: PoisonError { .. }

---- review::tests::execute_flag_moves_and_writes_advisory_no_signing stdout ----

thread 'review::tests::execute_flag_moves_and_writes_advisory_no_signing' (183966) panicked at src/review.rs:1244:45:
called `Result::unwrap()` on an `Err` value: PoisonError { .. }

---- review::tests::claim_appears_in_plan_output stdout ----

thread 'review::tests::claim_appears_in_plan_output' (182902) panicked at src/review.rs:1244:45:
called `Result::unwrap()` on an `Err` value: PoisonError { .. }

---- review::tests::claim_is_advisory_and_never_blocks_decide_or_execute stdout ----

thread 'review::tests::claim_is_advisory_and_never_blocks_decide_or_execute' (182908) panicked at src/review.rs:1244:45:
called `Result::unwrap()` on an `Err` value: PoisonError { .. }

---- review::tests::claim_refreshes_rather_than_stacks stdout ----

thread 'review::tests::claim_refreshes_rather_than_stacks' (182925) panicked at src/review.rs:1244:45:
called `Result::unwrap()` on an `Err` value: PoisonError { .. }

---- review::tests::comprehensive_multi_reviewer_end_to_end stdout ----

thread 'review::tests::comprehensive_multi_reviewer_end_to_end' (182985) panicked at src/review.rs:1244:45:
called `Result::unwrap()` on an `Err` value: PoisonError { .. }

---- review::tests::comprehensive_suite_wide_consistency_between_test_and_review_consumers stdout ----

thread 'review::tests::comprehensive_suite_wide_consistency_between_test_and_review_consumers' (183028) panicked at src/review.rs:1244:45:
called `Result::unwrap()` on an `Err` value: PoisonError { .. }

---- review::tests::decide_and_undecide_are_journaled stdout ----

thread 'review::tests::decide_and_undecide_are_journaled' (183240) panicked at src/review.rs:1244:45:
called `Result::unwrap()` on an `Err` value: PoisonError { .. }

---- review::tests::decide_replaces_not_stacks stdout ----

thread 'review::tests::decide_replaces_not_stacks' (183273) panicked at src/review.rs:1244:45:
called `Result::unwrap()` on an `Err` value: PoisonError { .. }

---- review::tests::decision_reports_the_answer_so_far stdout ----

thread 'review::tests::decision_reports_the_answer_so_far' (183274) panicked at src/review.rs:1244:45:
called `Result::unwrap()` on an `Err` value: PoisonError { .. }

---- review::tests::execute_logs_one_execute_batch_entry stdout ----

thread 'review::tests::execute_logs_one_execute_batch_entry' (183988) panicked at src/review.rs:1244:45:
called `Result::unwrap()` on an `Err` value: PoisonError { .. }

---- review::tests::execute_missing_verified_key_aborts_the_whole_batch_untouched stdout ----

thread 'review::tests::execute_missing_verified_key_aborts_the_whole_batch_untouched' (183996) panicked at src/review.rs:1244:45:
called `Result::unwrap()` on an `Err` value: PoisonError { .. }

---- review::tests::execute_promote_appends_a_second_signers_stamp_when_content_matches stdout ----

thread 'review::tests::execute_promote_appends_a_second_signers_stamp_when_content_matches' (184002) panicked at src/review.rs:1244:45:
called `Result::unwrap()` on an `Err` value: PoisonError { .. }

---- review::tests::execute_one_errors_when_the_decision_has_drifted stdout ----

thread 'review::tests::execute_one_errors_when_the_decision_has_drifted' (184001) panicked at src/review.rs:1244:45:
called `Result::unwrap()` on an `Err` value: PoisonError { .. }

---- review::tests::execute_promote_to_verified_without_key_errors stdout ----

thread 'review::tests::execute_promote_to_verified_without_key_errors' (184005) panicked at src/review.rs:1244:45:
called `Result::unwrap()` on an `Err` value: PoisonError { .. }

---- review::tests::execute_one_errors_when_no_decision_is_pending stdout ----

thread 'review::tests::execute_one_errors_when_no_decision_is_pending' (184000) panicked at src/review.rs:1244:45:
called `Result::unwrap()` on an `Err` value: PoisonError { .. }

---- review::tests::execute_promote_matches_cli_promote_byte_for_byte stdout ----

thread 'review::tests::execute_promote_matches_cli_promote_byte_for_byte' (184004) panicked at src/review.rs:1244:45:
called `Result::unwrap()` on an `Err` value: PoisonError { .. }

---- review::tests::diff_excludes_stamps_section stdout ----

thread 'review::tests::diff_excludes_stamps_section' (183416) panicked at src/review.rs:1244:45:
called `Result::unwrap()` on an `Err` value: PoisonError { .. }

---- review::tests::diff_is_all_equal_when_stage_bodies_match stdout ----

thread 'review::tests::diff_is_all_equal_when_stage_bodies_match' (183473) panicked at src/review.rs:1244:45:
called `Result::unwrap()` on an `Err` value: PoisonError { .. }

---- review::tests::execute_reports_non_human_for_a_computer_key_verified_promotion_but_not_a_real_one stdout ----

thread 'review::tests::execute_reports_non_human_for_a_computer_key_verified_promotion_but_not_a_real_one' (184008) panicked at src/review.rs:1244:45:
called `Result::unwrap()` on an `Err` value: PoisonError { .. }

---- review::tests::execute_retract_from_verified_removes_only_verified stdout ----

thread 'review::tests::execute_retract_from_verified_removes_only_verified' (184009) panicked at src/review.rs:1244:45:
called `Result::unwrap()` on an `Err` value: PoisonError { .. }

---- review::tests::execute_retract_matches_cli_retract_and_cascades stdout ----

thread 'review::tests::execute_retract_matches_cli_retract_and_cascades' (184010) panicked at src/review.rs:1244:45:
called `Result::unwrap()` on an `Err` value: PoisonError { .. }

---- review::tests::execute_skips_a_drifted_decision_and_never_applies_stale_content stdout ----

thread 'review::tests::execute_skips_a_drifted_decision_and_never_applies_stale_content' (184011) panicked at src/review.rs:1244:45:
called `Result::unwrap()` on an `Err` value: PoisonError { .. }

---- review::tests::filter_restricts_items_by_substring stdout ----

thread 'review::tests::filter_restricts_items_by_substring' (184012) panicked at src/review.rs:1244:45:
called `Result::unwrap()` on an `Err` value: PoisonError { .. }

---- review::tests::execute_one_applies_a_pending_decision stdout ----

thread 'review::tests::execute_one_applies_a_pending_decision' (183997) panicked at src/review.rs:1244:45:
called `Result::unwrap()` on an `Err` value: PoisonError { .. }

---- review::tests::execute_promote_writes_a_fresh_baseline_when_content_genuinely_differs stdout ----

thread 'review::tests::execute_promote_writes_a_fresh_baseline_when_content_genuinely_differs' (184006) panicked at src/review.rs:1244:45:
called `Result::unwrap()` on an `Err` value: PoisonError { .. }

---- review::tests::flag_now_errors_when_stage_has_nothing_for_id stdout ----

thread 'review::tests::flag_now_errors_when_stage_has_nothing_for_id' (184016) panicked at src/review.rs:1244:45:
called `Result::unwrap()` on an `Err` value: PoisonError { .. }

---- review::tests::open_writes_a_session_open_entry stdout ----

thread 'review::tests::open_writes_a_session_open_entry' (184022) panicked at src/review.rs:1244:45:
called `Result::unwrap()` on an `Err` value: PoisonError { .. }

---- review::tests::random_mode_returns_the_same_set_as_full stdout ----

thread 'review::tests::random_mode_returns_the_same_set_as_full' (184023) panicked at src/review.rs:1244:45:
called `Result::unwrap()` on an `Err` value: PoisonError { .. }

---- review::tests::refresh_does_not_report_an_undecided_case_even_if_its_output_changes stdout ----

thread 'review::tests::refresh_does_not_report_an_undecided_case_even_if_its_output_changes' (184024) panicked at src/review.rs:1244:45:
called `Result::unwrap()` on an `Err` value: PoisonError { .. }

---- review::tests::refresh_reports_a_case_whose_basis_content_changed_since_decide stdout ----

thread 'review::tests::refresh_reports_a_case_whose_basis_content_changed_since_decide' (184025) panicked at src/review.rs:1244:45:
called `Result::unwrap()` on an `Err` value: PoisonError { .. }

---- review::tests::refresh_reports_nothing_when_basis_content_is_unchanged stdout ----

thread 'review::tests::refresh_reports_nothing_when_basis_content_is_unchanged' (184026) panicked at src/review.rs:1244:45:
called `Result::unwrap()` on an `Err` value: PoisonError { .. }

---- review::tests::refresh_reports_nothing_when_no_decisions_are_pending stdout ----

thread 'review::tests::refresh_reports_nothing_when_no_decisions_are_pending' (184027) panicked at src/review.rs:1244:45:
called `Result::unwrap()` on an `Err` value: PoisonError { .. }

---- review::tests::new_or_broken_excludes_cases_whose_verified_stage_is_simply_unpopulated_p1_repro stdout ----

thread 'review::tests::new_or_broken_excludes_cases_whose_verified_stage_is_simply_unpopulated_p1_repro' (184019) panicked at src/review.rs:1244:45:
called `Result::unwrap()` on an `Err` value: PoisonError { .. }

---- review::tests::flag_now_is_atomic_no_decide_or_execute_needed stdout ----

thread 'review::tests::flag_now_is_atomic_no_decide_or_execute_needed' (184017) panicked at src/review.rs:1244:45:
called `Result::unwrap()` on an `Err` value: PoisonError { .. }

---- review::tests::items_reflects_suite_scan stdout ----

thread 'review::tests::items_reflects_suite_scan' (184018) panicked at src/review.rs:1244:45:
called `Result::unwrap()` on an `Err` value: PoisonError { .. }

---- review::tests::new_or_broken_mode_excludes_a_fully_matching_case stdout ----

thread 'review::tests::new_or_broken_mode_excludes_a_fully_matching_case' (184020) panicked at src/review.rs:1244:45:
called `Result::unwrap()` on an `Err` value: PoisonError { .. }

---- review::tests::flag_now_concatenates_with_an_existing_flagged_note stdout ----

thread 'review::tests::flag_now_concatenates_with_an_existing_flagged_note' (184015) panicked at src/review.rs:1244:45:
called `Result::unwrap()` on an `Err` value: PoisonError { .. }

---- review::tests::resume_of_an_unknown_session_id_is_a_fresh_empty_review stdout ----

thread 'review::tests::resume_of_an_unknown_session_id_is_a_fresh_empty_review' (184028) panicked at src/review.rs:1244:45:
called `Result::unwrap()` on an `Err` value: PoisonError { .. }

---- review::tests::execute_one_errors_on_a_skip_decision stdout ----

thread 'review::tests::execute_one_errors_on_a_skip_decision' (183999) panicked at src/review.rs:1244:45:
called `Result::unwrap()` on an `Err` value: PoisonError { .. }

---- review::tests::execute_one_clears_the_decision_afterward stdout ----

thread 'review::tests::execute_one_clears_the_decision_afterward' (183998) panicked at src/review.rs:1244:45:
called `Result::unwrap()` on an `Err` value: PoisonError { .. }

---- review::tests::flag_now_clears_any_pending_decision stdout ----

thread 'review::tests::flag_now_clears_any_pending_decision' (184014) panicked at src/review.rs:1244:45:
called `Result::unwrap()` on an `Err` value: PoisonError { .. }

---- review::tests::open_matches_open_with_default_opts stdout ----

thread 'review::tests::open_matches_open_with_default_opts' (184021) panicked at src/review.rs:1244:45:
called `Result::unwrap()` on an `Err` value: PoisonError { .. }

---- review::tests::resume_reconstructs_a_pending_decision_left_by_a_dropped_session stdout ----

thread 'review::tests::resume_reconstructs_a_pending_decision_left_by_a_dropped_session' (184029) panicked at src/review.rs:1244:45:
called `Result::unwrap()` on an `Err` value: PoisonError { .. }

---- review::tests::execute_promote_is_a_true_noop_when_dest_already_matches_and_is_mine stdout ----

thread 'review::tests::execute_promote_is_a_true_noop_when_dest_already_matches_and_is_mine' (184003) panicked at src/review.rs:1244:45:
called `Result::unwrap()` on an `Err` value: PoisonError { .. }

---- review::tests::resume_reconstructs_multiple_decisions_and_undecides stdout ----

thread 'review::tests::resume_reconstructs_multiple_decisions_and_undecides' (184030) panicked at src/review.rs:1244:45:
called `Result::unwrap()` on an `Err` value: PoisonError { .. }

---- review::tests::resume_replays_undecide_so_a_cleared_decision_stays_cleared stdout ----

thread 'review::tests::resume_replays_undecide_so_a_cleared_decision_stays_cleared' (184031) panicked at src/review.rs:1244:45:
called `Result::unwrap()` on an `Err` value: PoisonError { .. }

---- review::tests::resume_tolerates_a_truncated_journal_tail stdout ----

thread 'review::tests::resume_tolerates_a_truncated_journal_tail' (184032) panicked at src/review.rs:1244:45:
called `Result::unwrap()` on an `Err` value: PoisonError { .. }

---- review::tests::retract_now_cascades_checked_to_verified stdout ----

thread 'review::tests::retract_now_cascades_checked_to_verified' (184033) panicked at src/review.rs:1244:45:
called `Result::unwrap()` on an `Err` value: PoisonError { .. }

---- review::tests::retract_now_clears_any_pending_decision stdout ----

thread 'review::tests::retract_now_clears_any_pending_decision' (184034) panicked at src/review.rs:1244:45:
called `Result::unwrap()` on an `Err` value: PoisonError { .. }

---- review::tests::retract_now_errors_when_stage_has_nothing_for_id stdout ----

thread 'review::tests::retract_now_errors_when_stage_has_nothing_for_id' (184035) panicked at src/review.rs:1244:45:
called `Result::unwrap()` on an `Err` value: PoisonError { .. }

---- review::tests::retract_now_refuses_output_stage stdout ----

thread 'review::tests::retract_now_refuses_output_stage' (184037) panicked at src/review.rs:1244:45:
called `Result::unwrap()` on an `Err` value: PoisonError { .. }

---- review::tests::retract_now_is_atomic_no_decide_or_execute_needed stdout ----

thread 'review::tests::retract_now_is_atomic_no_decide_or_execute_needed' (184036) panicked at src/review.rs:1244:45:
called `Result::unwrap()` on an `Err` value: PoisonError { .. }

---- review::tests::retract_now_serializes_against_a_concurrent_execute_on_the_same_id stdout ----

thread 'review::tests::retract_now_serializes_against_a_concurrent_execute_on_the_same_id' (184038) panicked at src/review.rs:1244:45:
called `Result::unwrap()` on an `Err` value: PoisonError { .. }

---- review::tests::undecide_clears_back_to_untouched stdout ----

thread 'review::tests::undecide_clears_back_to_untouched' (184040) panicked at src/review.rs:1244:45:
called `Result::unwrap()` on an `Err` value: PoisonError { .. }

---- review::tests::concurrent_execute_calls_do_not_corrupt_state stdout ----

thread 'review::tests::concurrent_execute_calls_do_not_corrupt_state' (183030) panicked at src/review.rs:2868:13:
case0 must have been promoted

---- review_server::tests::case_diff_returns_all_equal_when_stages_match stdout ----

thread 'review_server::tests::case_diff_returns_all_equal_when_stages_match' (184065) panicked at src/review_server.rs:1190:14:
called `Result::unwrap()` on an `Err` value: Verification("stamp(s) failed: stage:output")

---- review_server::tests::execute_promote_to_verified_needs_a_passphrase stdout ----

thread 'review_server::tests::execute_promote_to_verified_needs_a_passphrase' (186577) panicked at src/review_server.rs:1142:45:
called `Result::unwrap()` on an `Err` value: PoisonError { .. }

---- review_server::tests::claim_endpoint_404s_on_unknown_case stdout ----

thread 'review_server::tests::claim_endpoint_404s_on_unknown_case' (184066) panicked at src/review_server.rs:1142:45:
called `Result::unwrap()` on an `Err` value: PoisonError { .. }

---- review_server::tests::execute_response_surfaces_non_human_for_a_computer_key_verified_promotion stdout ----

thread 'review_server::tests::execute_response_surfaces_non_human_for_a_computer_key_verified_promotion' (186579) panicked at src/review_server.rs:1142:45:
called `Result::unwrap()` on an `Err` value: PoisonError { .. }

---- review_server::tests::claim_via_http_expires_and_is_auto_reclaimed stdout ----

thread 'review_server::tests::claim_via_http_expires_and_is_auto_reclaimed' (184068) panicked at src/review_server.rs:1142:45:
called `Result::unwrap()` on an `Err` value: PoisonError { .. }

---- review_server::tests::claim_endpoint_surfaces_in_plan stdout ----

thread 'review_server::tests::claim_endpoint_surfaces_in_plan' (184067) panicked at src/review_server.rs:1142:45:
called `Result::unwrap()` on an `Err` value: PoisonError { .. }

---- review_server::tests::execute_with_confirm_promotes_to_checked stdout ----

thread 'review_server::tests::execute_with_confirm_promotes_to_checked' (186580) panicked at src/review_server.rs:1142:45:
called `Result::unwrap()` on an `Err` value: PoisonError { .. }

---- review_server::tests::execute_without_confirm_refuses_a_pending_promotion stdout ----

thread 'review_server::tests::execute_without_confirm_refuses_a_pending_promotion' (186581) panicked at src/review_server.rs:1142:45:
called `Result::unwrap()` on an `Err` value: PoisonError { .. }

---- review_server::tests::flag_endpoint_400s_on_invalid_stage stdout ----

thread 'review_server::tests::flag_endpoint_400s_on_invalid_stage' (186582) panicked at src/review_server.rs:1142:45:
called `Result::unwrap()` on an `Err` value: PoisonError { .. }

---- review_server::tests::flag_endpoint_404s_on_unknown_case stdout ----

thread 'review_server::tests::flag_endpoint_404s_on_unknown_case' (186583) panicked at src/review_server.rs:1142:45:
called `Result::unwrap()` on an `Err` value: PoisonError { .. }

---- review_server::tests::concurrent_body_requests_single_flight_verify_exactly_once stdout ----

thread 'review_server::tests::concurrent_body_requests_single_flight_verify_exactly_once' (184069) panicked at src/review_server.rs:1142:45:
called `Result::unwrap()` on an `Err` value: PoisonError { .. }

---- review_server::tests::flag_endpoint_moves_the_case_and_returns_ok stdout ----

thread 'review_server::tests::flag_endpoint_moves_the_case_and_returns_ok' (186584) panicked at src/review_server.rs:1142:45:
called `Result::unwrap()` on an `Err` value: PoisonError { .. }

---- review_server::tests::private_socket_path_can_be_served_over stdout ----

thread 'review_server::tests::private_socket_path_can_be_served_over' (186587) panicked at src/review_server.rs:1142:45:
called `Result::unwrap()` on an `Err` value: PoisonError { .. }

---- review_server::tests::invalid_stage_400s stdout ----

thread 'review_server::tests::invalid_stage_400s' (186585) panicked at src/review_server.rs:1142:45:
called `Result::unwrap()` on an `Err` value: PoisonError { .. }

---- review_server::tests::put_decision_after_delete_starts_a_fresh_decision stdout ----

thread 'review_server::tests::put_decision_after_delete_starts_a_fresh_decision' (186590) panicked at src/review_server.rs:1142:45:
called `Result::unwrap()` on an `Err` value: PoisonError { .. }

---- review_server::tests::put_decision_then_plan_reflects_it stdout ----

thread 'review_server::tests::put_decision_then_plan_reflects_it' (186592) panicked at src/review_server.rs:1142:45:
called `Result::unwrap()` on an `Err` value: PoisonError { .. }

---- review_server::tests::retract_endpoint_400s_on_invalid_stage stdout ----

thread 'review_server::tests::retract_endpoint_400s_on_invalid_stage' (186593) panicked at src/review_server.rs:1142:45:
called `Result::unwrap()` on an `Err` value: PoisonError { .. }

---- review_server::tests::case_diff_404s_on_unknown_case stdout ----

thread 'review_server::tests::case_diff_404s_on_unknown_case' (184043) panicked at src/review_server.rs:1142:45:
called `Result::unwrap()` on an `Err` value: PoisonError { .. }

---- review_server::tests::put_decision_400s_on_invalid_kind stdout ----

thread 'review_server::tests::put_decision_400s_on_invalid_kind' (186589) panicked at src/review_server.rs:1142:45:
called `Result::unwrap()` on an `Err` value: PoisonError { .. }

---- review_server::tests::put_decision_replaces_not_stacks stdout ----

thread 'review_server::tests::put_decision_replaces_not_stacks' (186591) panicked at src/review_server.rs:1142:45:
called `Result::unwrap()` on an `Err` value: PoisonError { .. }

---- review_server::tests::retract_endpoint_400s_on_output_stage stdout ----

thread 'review_server::tests::retract_endpoint_400s_on_output_stage' (186594) panicked at src/review_server.rs:1142:45:
called `Result::unwrap()` on an `Err` value: PoisonError { .. }

---- review_server::tests::router_tcp_allows_execute_without_a_passphrase stdout ----

thread 'review_server::tests::router_tcp_allows_execute_without_a_passphrase' (186599) panicked at src/review_server.rs:1142:45:
called `Result::unwrap()` on an `Err` value: PoisonError { .. }

---- review_server::tests::router_tcp_refuses_execute_with_a_passphrase_by_default stdout ----

thread 'review_server::tests::router_tcp_refuses_execute_with_a_passphrase_by_default' (186600) panicked at src/review_server.rs:1142:45:
called `Result::unwrap()` on an `Err` value: PoisonError { .. }

---- review_server::tests::router_tcp_rejects_missing_bearer_token stdout ----

thread 'review_server::tests::router_tcp_rejects_missing_bearer_token' (186601) panicked at src/review_server.rs:1142:45:
called `Result::unwrap()` on an `Err` value: PoisonError { .. }

---- review_server::tests::router_tcp_rejects_wrong_bearer_token stdout ----

thread 'review_server::tests::router_tcp_rejects_wrong_bearer_token' (186602) panicked at src/review_server.rs:1142:45:
called `Result::unwrap()` on an `Err` value: PoisonError { .. }

---- review_server::tests::serve_tcp_end_to_end_enforces_the_bearer_token stdout ----

thread 'review_server::tests::serve_tcp_end_to_end_enforces_the_bearer_token' (186603) panicked at src/review_server.rs:1142:45:
called `Result::unwrap()` on an `Err` value: PoisonError { .. }

---- review_server::tests::router_tcp_allows_execute_with_a_passphrase_when_explicitly_opted_in stdout ----

thread 'review_server::tests::router_tcp_allows_execute_with_a_passphrase_when_explicitly_opted_in' (186598) panicked at src/review_server.rs:1142:45:
called `Result::unwrap()` on an `Err` value: PoisonError { .. }

---- review_server::tests::serve_uds_end_to_end_and_cleans_up_on_shutdown stdout ----

thread 'review_server::tests::serve_uds_end_to_end_and_cleans_up_on_shutdown' (186605) panicked at src/review_server.rs:1142:45:
called `Result::unwrap()` on an `Err` value: PoisonError { .. }

---- review_server::tests::serve_uds_rebinds_a_stale_socket_file stdout ----

thread 'review_server::tests::serve_uds_rebinds_a_stale_socket_file' (186606) panicked at src/review_server.rs:1142:45:
called `Result::unwrap()` on an `Err` value: PoisonError { .. }

---- review_server::tests::retract_endpoint_404s_on_unknown_case stdout ----

thread 'review_server::tests::retract_endpoint_404s_on_unknown_case' (186595) panicked at src/review_server.rs:1142:45:
called `Result::unwrap()` on an `Err` value: PoisonError { .. }

---- review_server::tests::retract_endpoint_removes_the_case_and_returns_ok stdout ----

thread 'review_server::tests::retract_endpoint_removes_the_case_and_returns_ok' (186596) panicked at src/review_server.rs:1142:45:
called `Result::unwrap()` on an `Err` value: PoisonError { .. }

---- review_server::tests::unknown_case_404s stdout ----

thread 'review_server::tests::unknown_case_404s' (186608) panicked at src/review_server.rs:1142:45:
called `Result::unwrap()` on an `Err` value: PoisonError { .. }

---- review_server::tests::serve_uds_refuses_a_live_socket stdout ----

thread 'review_server::tests::serve_uds_refuses_a_live_socket' (186607) panicked at src/review_server.rs:1142:45:
called `Result::unwrap()` on an `Err` value: PoisonError { .. }

---- review_server::tests::router_tcp_accepts_the_correct_bearer_token stdout ----

thread 'review_server::tests::router_tcp_accepts_the_correct_bearer_token' (186597) panicked at src/review_server.rs:1142:45:
called `Result::unwrap()` on an `Err` value: PoisonError { .. }

---- review_server::tests::delete_decision_clears_it stdout ----

thread 'review_server::tests::delete_decision_clears_it' (184098) panicked at src/review_server.rs:1142:45:
called `Result::unwrap()` on an `Err` value: PoisonError { .. }

---- review_server::tests::case_body_returns_verified_sections stdout ----

thread 'review_server::tests::case_body_returns_verified_sections' (184041) panicked at src/review_server.rs:1142:45:
called `Result::unwrap()` on an `Err` value: PoisonError { .. }

---- review_server::tests::create_session_then_list_cases stdout ----

thread 'review_server::tests::create_session_then_list_cases' (184094) panicked at src/review_server.rs:1142:45:
called `Result::unwrap()` on an `Err` value: PoisonError { .. }

---- review_server::tests::delete_decision_is_a_no_op_when_already_undecided stdout ----

thread 'review_server::tests::delete_decision_is_a_no_op_when_already_undecided' (185586) panicked at src/review_server.rs:1142:45:
called `Result::unwrap()` on an `Err` value: PoisonError { .. }

---- review_server::tests::events_stream_reports_a_decision_made_event stdout ----

thread 'review_server::tests::events_stream_reports_a_decision_made_event' (185727) panicked at src/review_server.rs:1142:45:
called `Result::unwrap()` on an `Err` value: PoisonError { .. }

---- review_server::tests::malformed_id_400s_at_the_extractor stdout ----

thread 'review_server::tests::malformed_id_400s_at_the_extractor' (186586) panicked at src/review_server.rs:1142:45:
called `Result::unwrap()` on an `Err` value: PoisonError { .. }

---- review::tests::execute_derives_stage_key_once_per_batch_not_per_case stdout ----

thread 'review::tests::execute_derives_stage_key_once_per_batch_not_per_case' (183965) panicked at src/review.rs:2306:9:
assertion `left == right` failed
  left: 0
 right: 5

---- transitions::tests::confirm_signatures_matches_prefix stdout ----

thread 'transitions::tests::confirm_signatures_matches_prefix' (187010) panicked at src/transitions.rs:566:83:
called `Result::unwrap()` on an `Err` value: Verification("/yolo/tmp/.tmpLkkokI/output/a.foo.einmo: stamp(s) failed: stage:output")

---- transitions::tests::promote_flag_to_note_carries_the_concatenated_history stdout ----

thread 'transitions::tests::promote_flag_to_note_carries_the_concatenated_history' (187053) panicked at src/transitions.rs:468:14:
called `Result::unwrap()` on an `Err` value: Verification("stamp(s) failed: stage:output")

---- suite::tests::retract_selects_every_case_matching_filter stdout ----

thread 'suite::tests::retract_selects_every_case_matching_filter' (186940) panicked at src/suite.rs:808:18:
called `Result::unwrap()` on an `Err` value: Verification("stamp(s) failed: stage:output")

---- suite::tests::flag_selects_every_case_matching_filter_and_skips_absent_ones stdout ----

thread 'suite::tests::flag_selects_every_case_matching_filter_and_skips_absent_ones' (186882) panicked at src/suite.rs:747:14:
called `Result::unwrap()` on an `Err` value: Verification("stamp(s) failed: stage:output")

---- transitions::tests::promote_flag_to_note_does_not_consume_the_flag stdout ----

thread 'transitions::tests::promote_flag_to_note_does_not_consume_the_flag' (187154) panicked at src/transitions.rs:468:14:
called `Result::unwrap()` on an `Err` value: Verification("stamp(s) failed: stage:output")

---- transitions::tests::promote_flag_to_note_writes_a_signed_note_from_the_advisory stdout ----

thread 'transitions::tests::promote_flag_to_note_writes_a_signed_note_from_the_advisory' (187162) panicked at src/transitions.rs:468:14:
called `Result::unwrap()` on an `Err` value: Verification("stamp(s) failed: stage:output")

---- transitions::tests::promote_flag_to_note_round_trip_verify_on_inspect_and_key_match stdout ----

thread 'transitions::tests::promote_flag_to_note_round_trip_verify_on_inspect_and_key_match' (187159) panicked at src/transitions.rs:468:14:
called `Result::unwrap()` on an `Err` value: Verification("stamp(s) failed: stage:output")

---- suite::tests::promote_ids_overrides_filter stdout ----

thread 'suite::tests::promote_ids_overrides_filter' (186904) panicked at src/suite.rs:627:14:
called `Result::unwrap()` on an `Err` value: Verification("stamp(s) failed: stage:output")

---- suite::tests::promote_selects_every_case_matching_filter stdout ----

thread 'suite::tests::promote_selects_every_case_matching_filter' (186920) panicked at src/suite.rs:607:14:
called `Result::unwrap()` on an `Err` value: Verification("stamp(s) failed: stage:output")

---- verify::tests::flagged_artifact_still_passes_verify stdout ----

thread 'verify::tests::flagged_artifact_still_passes_verify' (187174) panicked at src/verify.rs:420:44:
called `Result::unwrap()` on an `Err` value: Verification("stamp(s) failed: stage:output")

---- suite::tests::promote_the_same_content_with_two_different_keys_co_signs_both stdout ----

thread 'suite::tests::promote_the_same_content_with_two_different_keys_co_signs_both' (186938) panicked at src/suite.rs:673:14:
called `Result::unwrap()` on an `Err` value: Verification("stamp(s) failed: stage:output")

---- verify::tests::from_file_accepts_valid stdout ----

thread 'verify::tests::from_file_accepts_valid' (187186) panicked at src/verify.rs:351:9:
assertion failed: EinmoFile::from_file(&path).is_ok()

---- verify::tests::valid_file_verifies stdout ----

thread 'verify::tests::valid_file_verifies' (187208) panicked at src/verify.rs:285:9:
assertion failed: verify_bytes(&bytes).is_ok()

---- suite::tests::promote_derives_the_stage_key_once_per_batch_not_per_case stdout ----

thread 'suite::tests::promote_derives_the_stage_key_once_per_batch_not_per_case' (186900) panicked at src/suite.rs:731:14:
called `Result::unwrap()` on an `Err` value: Verification("stamp(s) failed: stage:output")


failures:
    case::tests::agreement_all_present_and_agree
    case::tests::agreement_comments_repro_policy_controls_whether_comments_only_divergence_counts
    case::tests::agreement_differ_reports_the_diverged_section_names
    case::tests::agreement_one_sided_reports_which_side_is_present_both_directions
    case::tests::agreement_p1_repro_unpopulated_verified_does_not_affect_output_checked_agreement
    case::tests::agreement_tampered_is_never_folded_into_differ
    case::tests::flag_concatenates_with_an_existing_flagged_note
    case::tests::flag_moves_the_artifact_into_the_origin_stages_own_sink
    case::tests::promote_already_signed_by_this_key_is_a_true_noop
    case::tests::promote_cosigns_when_destination_content_matches
    case::tests::promote_deliberate_asymmetry_comments_only_difference_is_not_a_match
    case::tests::promote_flags_non_human_for_the_computer_key_on_verified
    case::tests::promote_genuinely_different_content_writes_a_fresh_baseline_not_a_cosign
    case::tests::promote_writes_a_fresh_baseline_when_destination_absent
    case::tests::retract_verified_leaves_checked
    compare::tests::comments_diff_ignored_by_default_but_caught_when_required
    compare::tests::compare_files_only_in_one_stage
    compare::tests::compare_single_file
    compare::tests::identical_stages_all_matching
    compare::tests::only_in_a_and_only_in_b
    compare::tests::output_diff_is_differing
    compare::tests::stamps_only_diff_still_matches
    einmo_suite::tests::catastrophe_crumb_detected_suite_fails
    einmo_suite::tests::catastrophe_crumb_ignored_suite_passes
    einmo_suite::tests::catastrophe_crumb_rerun_overwrites
    einmo_suite::tests::checked_level_demands_a_baseline_but_not_signatures
    einmo_suite::tests::crash_crumb_survives_process_abort
    einmo_suite::tests::crash_crumb_survives_stack_overflow
    einmo_suite::tests::crumb_written_before_evaluation
    einmo_suite::tests::dependent_diff_is_generated_and_signed
    einmo_suite::tests::duration_limit_exceeded_fails_test
    einmo_suite::tests::err_becomes_input_error_status
    einmo_suite::tests::evaluate_writes_stamped_verifiable_output
    einmo_suite::tests::inline_input_captured
    einmo_suite::tests::output_level_ignores_unpopulated_higher_stages
    einmo_suite::tests::panic_becomes_output_error_status
    einmo_suite::tests::parallel_and_serial_agree
    einmo_suite::tests::perspective_section_emitted
    einmo_suite::tests::read_error_produces_output_error_status
    einmo_suite::tests::regenerate_output_replaces_drifted_content_and_a_subsequent_run_is_clean
    einmo_suite::tests::write_output_corrupt_existing_is_treated_as_absent_fresh_write
    einmo_suite::tests::write_output_differing_content_marks_drifted_and_leaves_existing_untouched
    einmo_suite::tests::write_output_unchanged_content_different_signer_appends_stamp
    einmo_suite::tests::write_output_unchanged_content_same_signer_is_byte_identical_noop
    review::tests::body_is_single_flight_verified
    review::tests::body_reverifies_a_different_artifact
    review::tests::claim_appears_in_plan_output
    review::tests::claim_is_advisory_and_never_blocks_decide_or_execute
    review::tests::claim_refreshes_rather_than_stacks
    review::tests::comprehensive_multi_reviewer_end_to_end
    review::tests::comprehensive_suite_wide_consistency_between_test_and_review_consumers
    review::tests::concurrent_execute_calls_do_not_corrupt_state
    review::tests::decide_and_undecide_are_journaled
    review::tests::decide_replaces_not_stacks
    review::tests::decision_reports_the_answer_so_far
    review::tests::diff_excludes_stamps_section
    review::tests::diff_is_all_equal_when_stage_bodies_match
    review::tests::diff_reports_line_level_changes_between_differing_stages
    review::tests::execute_clears_pending_decisions_it_applied
    review::tests::execute_clears_pending_decisions_it_skipped
    review::tests::execute_derives_stage_key_once_per_batch_not_per_case
    review::tests::execute_flag_moves_and_writes_advisory_no_signing
    review::tests::execute_logs_one_execute_batch_entry
    review::tests::execute_missing_verified_key_aborts_the_whole_batch_untouched
    review::tests::execute_one_applies_a_pending_decision
    review::tests::execute_one_clears_the_decision_afterward
    review::tests::execute_one_errors_on_a_skip_decision
    review::tests::execute_one_errors_when_no_decision_is_pending
    review::tests::execute_one_errors_when_the_decision_has_drifted
    review::tests::execute_promote_appends_a_second_signers_stamp_when_content_matches
    review::tests::execute_promote_is_a_true_noop_when_dest_already_matches_and_is_mine
    review::tests::execute_promote_matches_cli_promote_byte_for_byte
    review::tests::execute_promote_to_verified_without_key_errors
    review::tests::execute_promote_writes_a_fresh_baseline_when_content_genuinely_differs
    review::tests::execute_reports_non_human_for_a_computer_key_verified_promotion_but_not_a_real_one
    review::tests::execute_retract_from_verified_removes_only_verified
    review::tests::execute_retract_matches_cli_retract_and_cascades
    review::tests::execute_skips_a_drifted_decision_and_never_applies_stale_content
    review::tests::filter_restricts_items_by_substring
    review::tests::flag_now_clears_any_pending_decision
    review::tests::flag_now_concatenates_with_an_existing_flagged_note
    review::tests::flag_now_errors_when_stage_has_nothing_for_id
    review::tests::flag_now_is_atomic_no_decide_or_execute_needed
    review::tests::items_reflects_suite_scan
    review::tests::new_or_broken_excludes_cases_whose_verified_stage_is_simply_unpopulated_p1_repro
    review::tests::new_or_broken_mode_excludes_a_fully_matching_case
    review::tests::open_matches_open_with_default_opts
    review::tests::open_writes_a_session_open_entry
    review::tests::random_mode_returns_the_same_set_as_full
    review::tests::refresh_does_not_report_an_undecided_case_even_if_its_output_changes
    review::tests::refresh_reports_a_case_whose_basis_content_changed_since_decide
    review::tests::refresh_reports_nothing_when_basis_content_is_unchanged
    review::tests::refresh_reports_nothing_when_no_decisions_are_pending
    review::tests::resume_of_an_unknown_session_id_is_a_fresh_empty_review
    review::tests::resume_reconstructs_a_pending_decision_left_by_a_dropped_session
    review::tests::resume_reconstructs_multiple_decisions_and_undecides
    review::tests::resume_replays_undecide_so_a_cleared_decision_stays_cleared
    review::tests::resume_tolerates_a_truncated_journal_tail
    review::tests::retract_now_cascades_checked_to_verified
    review::tests::retract_now_clears_any_pending_decision
    review::tests::retract_now_errors_when_stage_has_nothing_for_id
    review::tests::retract_now_is_atomic_no_decide_or_execute_needed
    review::tests::retract_now_refuses_output_stage
    review::tests::retract_now_serializes_against_a_concurrent_execute_on_the_same_id
    review::tests::undecide_clears_back_to_untouched
    review_server::tests::case_body_returns_verified_sections
    review_server::tests::case_diff_404s_on_unknown_case
    review_server::tests::case_diff_returns_all_equal_when_stages_match
    review_server::tests::claim_endpoint_404s_on_unknown_case
    review_server::tests::claim_endpoint_surfaces_in_plan
    review_server::tests::claim_via_http_expires_and_is_auto_reclaimed
    review_server::tests::concurrent_body_requests_single_flight_verify_exactly_once
    review_server::tests::create_session_then_list_cases
    review_server::tests::delete_decision_clears_it
    review_server::tests::delete_decision_is_a_no_op_when_already_undecided
    review_server::tests::events_stream_reports_a_decision_made_event
    review_server::tests::execute_promote_to_verified_needs_a_passphrase
    review_server::tests::execute_response_surfaces_non_human_for_a_computer_key_verified_promotion
    review_server::tests::execute_with_confirm_promotes_to_checked
    review_server::tests::execute_without_confirm_refuses_a_pending_promotion
    review_server::tests::flag_endpoint_400s_on_invalid_stage
    review_server::tests::flag_endpoint_404s_on_unknown_case
    review_server::tests::flag_endpoint_moves_the_case_and_returns_ok
    review_server::tests::invalid_stage_400s
    review_server::tests::malformed_id_400s_at_the_extractor
    review_server::tests::private_socket_path_can_be_served_over
    review_server::tests::put_decision_400s_on_invalid_kind
    review_server::tests::put_decision_after_delete_starts_a_fresh_decision
    review_server::tests::put_decision_replaces_not_stacks
    review_server::tests::put_decision_then_plan_reflects_it
    review_server::tests::retract_endpoint_400s_on_invalid_stage
    review_server::tests::retract_endpoint_400s_on_output_stage
    review_server::tests::retract_endpoint_404s_on_unknown_case
    review_server::tests::retract_endpoint_removes_the_case_and_returns_ok
    review_server::tests::router_tcp_accepts_the_correct_bearer_token
    review_server::tests::router_tcp_allows_execute_with_a_passphrase_when_explicitly_opted_in
    review_server::tests::router_tcp_allows_execute_without_a_passphrase
    review_server::tests::router_tcp_refuses_execute_with_a_passphrase_by_default
    review_server::tests::router_tcp_rejects_missing_bearer_token
    review_server::tests::router_tcp_rejects_wrong_bearer_token
    review_server::tests::serve_tcp_end_to_end_enforces_the_bearer_token
    review_server::tests::serve_uds_end_to_end_and_cleans_up_on_shutdown
    review_server::tests::serve_uds_rebinds_a_stale_socket_file
    review_server::tests::serve_uds_refuses_a_live_socket
    review_server::tests::unknown_case_404s
    suite::tests::flag_selects_every_case_matching_filter_and_skips_absent_ones
    suite::tests::promote_derives_the_stage_key_once_per_batch_not_per_case
    suite::tests::promote_ids_overrides_filter
    suite::tests::promote_selects_every_case_matching_filter
    suite::tests::promote_the_same_content_with_two_different_keys_co_signs_both
    suite::tests::retract_selects_every_case_matching_filter
    transitions::tests::confirm_signatures_matches_prefix
    transitions::tests::promote_flag_to_note_carries_the_concatenated_history
    transitions::tests::promote_flag_to_note_does_not_consume_the_flag
    transitions::tests::promote_flag_to_note_round_trip_verify_on_inspect_and_key_match
    transitions::tests::promote_flag_to_note_writes_a_signed_note_from_the_advisory
    verify::tests::flagged_artifact_still_passes_verify
    verify::tests::from_file_accepts_valid
    verify::tests::valid_file_verifies

test result: FAILED. 197 passed; 159 failed; 0 ignored; 0 measured; 0 filtered out; finished in 819.57s

error: test failed, to rerun pass `-p einmo --lib`

*** result: Failure(101)
